Date,Product,Units_Sold,Price,Stock
2025-01-01,Wheat,98,128,103
2025-01-01,Shampoo,63,190,112
2025-01-01,Bread,91,106,49
2025-01-01,Soap,68,22,82
2025-01-01,Cold Drink,67,53,115
2025-01-01,Juice,28,74,74
2025-01-01,Biscuits,27,170,125
2025-01-01,Toothpaste,94,126,8
2025-01-01,Oil,90,140,9
2025-01-01,Salt,73,81,120
2025-01-01,Sugar,50,182,38
2025-01-01,Detergent,28,67,104
2025-01-01,Tea,57,169,35
2025-01-01,Biscuits,47,133,114
2025-01-02,Noodles,87,178,114
2025-01-02,Bread,13,57,43
2025-01-02,Toothpaste,38,184,15
2025-01-02,Dal,94,147,49
2025-01-02,Biscuits,39,121,98
2025-01-02,Coffee,23,56,141
2025-01-02,Oil,93,160,138
2025-01-02,Chips,93,184,92
2025-01-03,Salt,16,106,148
2025-01-03,Biscuits,89,43,44
2025-01-03,Toothpaste,85,63,135
2025-01-03,Cold Drink,82,114,103
2025-01-03,Dal,77,67,116
2025-01-03,Oil,15,58,93
2025-01-03,Noodles,35,200,102
2025-01-03,Cold Drink,51,80,14
2025-01-03,Bread,22,190,149
2025-01-03,Oil,80,157,122
2025-01-03,Rice,61,112,131
2025-01-03,Wheat,19,179,14
2025-01-04,Oil,22,174,63
2025-01-04,Sugar,89,49,108
2025-01-04,Salt,41,25,117
2025-01-04,Detergent,90,34,76
2025-01-04,Juice,66,95,138
2025-01-04,Salt,14,133,32
2025-01-04,Eggs,35,124,15
2025-01-04,Sugar,41,189,116
2025-01-04,Bread,46,23,138
2025-01-04,Shampoo,93,172,10
2025-01-04,Rice,60,66,129
2025-01-04,Noodles,21,35,37
2025-01-04,Tea,55,101,13
2025-01-04,Eggs,12,153,103
2025-01-05,Juice,34,186,114
2025-01-05,Butter,84,102,93
2025-01-05,Biscuits,49,121,32
2025-01-05,Salt,33,102,9
2025-01-05,Detergent,47,190,150
2025-01-05,Rice,86,47,143
2025-01-05,Tea,50,84,96
2025-01-05,Coffee,62,154,41
2025-01-05,Butter,35,194,88
2025-01-05,Biscuits,17,80,68
2025-01-05,Chips,56,107,148
2025-01-06,Toothpaste,57,24,54
2025-01-06,Soap,79,76,105
2025-01-06,Tea,69,58,79
2025-01-06,Sugar,91,67,128
2025-01-06,Eggs,37,187,50
2025-01-06,Noodles,54,181,134
2025-01-06,Oil,97,80,104
2025-01-06,Salt,99,141,19
2025-01-06,Oil,54,137,70
2025-01-06,Chips,30,132,127
2025-01-07,Butter,73,38,134
2025-01-07,Rice,35,128,44
2025-01-07,Rice,21,60,144
2025-01-07,Eggs,45,122,101
2025-01-07,Detergent,75,71,136
2025-01-07,Chips,37,118,150
2025-01-07,Oil,43,114,48
2025-01-07,Rice,23,50,119
2025-01-07,Oil,99,157,36
2025-01-07,Shampoo,77,102,48
2025-01-07,Soap,88,112,10
2025-01-07,Butter,78,163,137
2025-01-07,Salt,99,145,95
2025-01-07,Biscuits,93,132,110
2025-01-07,Coffee,42,119,105
2025-01-08,Sugar,89,41,102
2025-01-08,Wheat,87,163,141
2025-01-08,Eggs,19,40,146
2025-01-08,Oil,57,72,50
2025-01-08,Biscuits,64,131,137
2025-01-08,Eggs,25,86,124
2025-01-08,Cold Drink,92,114,87
2025-01-08,Biscuits,21,128,89
2025-01-08,Dal,95,122,45
2025-01-08,Sugar,17,187,84
2025-01-08,Dal,87,147,8
2025-01-08,Dal,64,70,87
2025-01-09,Detergent,29,68,102
2025-01-09,Biscuits,100,184,65
2025-01-09,Wheat,11,74,142
2025-01-09,Cold Drink,16,58,47
2025-01-09,Coffee,33,66,38
2025-01-09,Salt,54,43,86
2025-01-09,Chips,55,103,134
2025-01-09,Coffee,51,111,75
2025-01-09,Oil,77,51,65
2025-01-09,Bread,41,42,22
2025-01-09,Shampoo,28,85,88
2025-01-09,Oil,45,158,13
2025-01-09,Detergent,61,121,77
2025-01-09,Eggs,73,29,25
2025-01-09,Oil,79,174,132
2025-01-10,Oil,34,65,124
2025-01-10,Oil,45,29,59
2025-01-10,Biscuits,96,148,91
2025-01-10,Coffee,100,63,51
2025-01-10,Chips,43,148,112
2025-01-10,Chips,95,159,28
2025-01-10,Juice,52,103,51
2025-01-10,Noodles,96,170,90
2025-01-10,Wheat,11,147,88
2025-01-10,Butter,41,55,115
2025-01-10,Chips,84,200,35
2025-01-11,Wheat,74,44,124
2025-01-11,Soap,53,181,42
2025-01-11,Sugar,51,130,119
2025-01-11,Butter,30,63,41
2025-01-11,Chips,56,58,34
2025-01-11,Coffee,64,163,140
2025-01-11,Noodles,57,66,59
2025-01-11,Coffee,45,36,52
2025-01-11,Dal,48,80,42
2025-01-11,Dal,36,75,44
2025-01-11,Toothpaste,69,134,114
2025-01-12,Dal,84,186,26
2025-01-12,Noodles,48,122,61
2025-01-12,Eggs,27,96,115
2025-01-12,Rice,80,139,53
2025-01-12,Detergent,13,113,141
2025-01-12,Salt,98,184,82
2025-01-12,Cold Drink,74,127,32
2025-01-12,Tea,74,150,122
2025-01-12,Wheat,97,89,54
2025-01-12,Oil,92,47,37
2025-01-12,Tea,68,188,85
2025-01-12,Soap,72,76,14
2025-01-12,Bread,81,34,145
2025-01-12,Eggs,75,157,10
2025-01-12,Tea,41,36,95
2025-01-13,Toothpaste,36,71,103
2025-01-13,Toothpaste,28,109,134
2025-01-13,Eggs,31,38,13
2025-01-13,Bread,92,71,11
2025-01-13,Salt,34,27,68
2025-01-13,Shampoo,50,56,48
2025-01-13,Detergent,10,53,72
2025-01-13,Eggs,40,108,31
2025-01-13,Coffee,29,103,57
2025-01-13,Toothpaste,65,169,75
2025-01-13,Butter,57,125,62
2025-01-13,Tea,24,176,32
2025-01-14,Shampoo,97,98,76
2025-01-14,Salt,61,59,132
2025-01-14,Bread,69,27,107
2025-01-14,Oil,54,114,77
2025-01-14,Wheat,76,188,18
2025-01-14,Noodles,50,184,114
2025-01-14,Bread,37,177,11
2025-01-14,Butter,44,189,81
2025-01-15,Oil,34,167,66
2025-01-15,Salt,42,50,18
2025-01-15,Cold Drink,64,166,131
2025-01-15,Sugar,100,185,25
2025-01-15,Biscuits,15,176,7
2025-01-15,Coffee,89,91,11
2025-01-15,Rice,84,86,142
2025-01-15,Soap,75,58,81
2025-01-15,Wheat,73,75,95
2025-01-15,Toothpaste,26,113,140
2025-01-15,Butter,76,123,75
2025-01-15,Shampoo,68,160,43
2025-01-15,Eggs,26,197,124
2025-01-15,Sugar,59,153,111
2025-01-15,Wheat,20,58,129
2025-01-16,Noodles,38,60,111
2025-01-16,Dal,60,39,84
2025-01-16,Tea,46,179,37
2025-01-16,Coffee,65,154,139
2025-01-16,Biscuits,95,40,87
2025-01-16,Salt,22,86,9
2025-01-16,Toothpaste,89,72,145
2025-01-16,Toothpaste,42,140,117
2025-01-16,Biscuits,65,146,15
2025-01-16,Oil,36,81,124
2025-01-16,Detergent,67,37,54
2025-01-16,Rice,60,159,77
2025-01-16,Sugar,12,123,54
2025-01-16,Detergent,92,142,127
2025-01-16,Wheat,65,27,61
2025-01-17,Soap,70,179,49
2025-01-17,Wheat,66,129,80
2025-01-17,Eggs,52,132,7
2025-01-17,Juice,22,152,49
2025-01-17,Salt,89,40,110
2025-01-17,Coffee,23,146,91
2025-01-17,Shampoo,56,180,109
2025-01-17,Bread,80,187,63
2025-01-17,Bread,99,53,30
2025-01-17,Chips,17,121,32
2025-01-18,Toothpaste,22,153,73
2025-01-18,Oil,78,138,145
2025-01-18,Shampoo,74,24,21
2025-01-18,Toothpaste,72,155,112
2025-01-18,Tea,19,165,62
2025-01-18,Wheat,60,23,11
2025-01-18,Chips,34,78,10
2025-01-18,Salt,18,141,71
2025-01-19,Coffee,77,113,100
2025-01-19,Toothpaste,45,20,140
2025-01-19,Juice,60,29,61
2025-01-19,Rice,18,116,88
2025-01-19,Soap,50,123,72
2025-01-19,Juice,21,64,97
2025-01-19,Dal,41,98,88
2025-01-19,Eggs,30,48,64
2025-01-19,Shampoo,20,48,39
2025-01-19,Noodles,44,133,148
2025-01-19,Biscuits,48,131,73
2025-01-20,Noodles,37,50,81
2025-01-20,Noodles,18,49,144
2025-01-20,Toothpaste,71,162,140
2025-01-20,Tea,67,55,48
2025-01-20,Sugar,57,173,60
2025-01-20,Noodles,97,83,48
2025-01-20,Dal,67,157,128
2025-01-20,Soap,61,160,133
2025-01-20,Dal,85,50,101
2025-01-20,Soap,18,98,58
2025-01-20,Shampoo,86,74,131
2025-01-20,Chips,34,154,65
2025-01-21,Coffee,28,55,119
2025-01-21,Salt,66,91,54
2025-01-21,Soap,49,109,74
2025-01-21,Tea,74,80,92
2025-01-21,Cold Drink,10,39,107
2025-01-21,Noodles,80,63,87
2025-01-21,Oil,54,23,95
2025-01-21,Tea,21,129,117
2025-01-21,Eggs,42,25,125
2025-01-21,Salt,33,44,112
2025-01-21,Dal,74,145,95
2025-01-21,Salt,93,33,105
2025-01-21,Eggs,53,109,79
2025-01-22,Toothpaste,44,153,90
2025-01-22,Noodles,26,73,144
2025-01-22,Oil,48,62,110
2025-01-22,Noodles,76,116,19
2025-01-22,Cold Drink,80,41,49
2025-01-22,Bread,33,143,116
2025-01-22,Eggs,46,145,129
2025-01-22,Dal,85,42,137
2025-01-22,Salt,30,80,44
2025-01-22,Eggs,42,179,124
2025-01-22,Oil,28,121,118
2025-01-22,Detergent,73,176,55
2025-01-22,Juice,62,142,114
2025-01-22,Shampoo,24,100,72
2025-01-22,Shampoo,100,41,32
2025-01-23,Shampoo,41,41,27
2025-01-23,Soap,11,104,21
2025-01-23,Noodles,66,135,52
2025-01-23,Salt,11,150,93
2025-01-23,Coffee,55,169,63
2025-01-23,Coffee,18,114,6
2025-01-23,Coffee,51,167,100
2025-01-23,Noodles,34,93,130
2025-01-23,Butter,52,132,87
2025-01-23,Oil,92,149,40
2025-01-23,Butter,14,66,125
2025-01-23,Cold Drink,71,129,89
2025-01-23,Sugar,38,151,114
2025-01-23,Soap,25,69,19
2025-01-23,Bread,53,133,138
2025-01-24,Tea,70,200,126
2025-01-24,Eggs,79,78,20
2025-01-24,Eggs,67,62,137
2025-01-24,Wheat,52,104,59
2025-01-24,Coffee,50,95,33
2025-01-24,Chips,57,68,144
2025-01-24,Chips,53,81,45
2025-01-24,Eggs,11,95,65
2025-01-24,Coffee,73,25,5
2025-01-24,Wheat,98,140,96
2025-01-24,Cold Drink,36,113,71
2025-01-24,Dal,95,78,74
2025-01-24,Salt,71,161,149
2025-01-25,Butter,93,175,130
2025-01-25,Bread,63,81,78
2025-01-25,Bread,59,177,8
2025-01-25,Chips,48,25,110
2025-01-25,Dal,49,32,71
2025-01-25,Coffee,34,71,110
2025-01-25,Dal,40,57,78
2025-01-25,Noodles,37,170,28
2025-01-25,Noodles,19,143,58
2025-01-25,Detergent,36,104,142
2025-01-25,Biscuits,37,50,53
2025-01-25,Juice,40,101,38
2025-01-25,Rice,61,67,102
2025-01-25,Salt,19,105,42
2025-01-26,Salt,17,115,91
2025-01-26,Coffee,62,179,79
2025-01-26,Cold Drink,93,26,35
2025-01-26,Shampoo,22,49,144
2025-01-26,Sugar,34,199,54
2025-01-26,Toothpaste,45,56,67
2025-01-26,Bread,44,200,139
2025-01-26,Juice,83,38,26
2025-01-27,Wheat,24,102,82
2025-01-27,Eggs,12,37,134
2025-01-27,Salt,40,60,129
2025-01-27,Chips,27,82,49
2025-01-27,Biscuits,43,113,89
2025-01-27,Salt,30,141,143
2025-01-27,Dal,18,74,69
2025-01-27,Salt,27,111,92
2025-01-27,Butter,40,160,36
2025-01-27,Butter,35,175,53
2025-01-27,Dal,44,69,68
2025-01-28,Cold Drink,17,174,37
2025-01-28,Eggs,60,88,135
2025-01-28,Oil,48,167,144
2025-01-28,Tea,94,25,111
2025-01-28,Butter,58,179,20
2025-01-28,Soap,89,132,78
2025-01-28,Wheat,58,123,10
2025-01-28,Salt,98,192,124
2025-01-28,Biscuits,91,93,50
2025-01-28,Soap,11,193,64
2025-01-28,Salt,100,104,33
2025-01-29,Noodles,88,48,80
2025-01-29,Juice,44,78,30
2025-01-29,Chips,72,124,82
2025-01-29,Noodles,16,151,126
2025-01-29,Cold Drink,26,45,125
2025-01-29,Coffee,99,42,72
2025-01-29,Bread,16,20,106
2025-01-29,Eggs,90,199,102
2025-01-29,Biscuits,43,65,82
2025-01-29,Rice,83,142,5
2025-01-30,Dal,24,67,60
2025-01-30,Chips,98,145,86
2025-01-30,Bread,47,112,132
2025-01-30,Cold Drink,16,136,138
2025-01-30,Tea,48,142,146
2025-01-30,Eggs,33,39,13
2025-01-30,Oil,54,138,99
2025-01-30,Sugar,65,91,133
2025-01-30,Toothpaste,62,65,143
2025-01-30,Coffee,62,87,103
2025-01-30,Sugar,37,193,130
2025-01-31,Butter,69,193,108
2025-01-31,Eggs,98,40,118
2025-01-31,Tea,16,33,22
2025-01-31,Dal,96,189,53
2025-01-31,Butter,17,85,85
2025-01-31,Coffee,64,127,129
2025-01-31,Rice,75,88,48
2025-01-31,Soap,78,69,119
2025-01-31,Biscuits,44,167,41
2025-01-31,Bread,28,77,9
2025-01-31,Cold Drink,11,68,92
2025-01-31,Sugar,66,149,74
2025-02-01,Dal,22,118,21
2025-02-01,Detergent,77,145,8
2025-02-01,Toothpaste,94,183,8
2025-02-01,Cold Drink,19,106,33
2025-02-01,Oil,80,59,133
2025-02-01,Dal,75,21,34
2025-02-01,Coffee,59,193,32
2025-02-01,Detergent,92,86,86
2025-02-01,Shampoo,44,55,113
2025-02-02,Dal,55,171,88
2025-02-02,Tea,45,33,60
2025-02-02,Cold Drink,57,137,14
2025-02-02,Sugar,55,166,77
2025-02-02,Salt,60,76,142
2025-02-02,Dal,40,75,77
2025-02-02,Eggs,59,118,114
2025-02-02,Detergent,13,99,19
2025-02-02,Bread,100,39,110
2025-02-03,Chips,59,156,41
2025-02-03,Soap,85,196,70
2025-02-03,Wheat,17,146,34
2025-02-03,Salt,15,188,128
2025-02-03,Wheat,78,103,38
2025-02-03,Noodles,42,169,9
2025-02-03,Shampoo,35,156,74
2025-02-03,Cold Drink,74,200,64
2025-02-03,Biscuits,17,165,100
2025-02-03,Detergent,82,74,136
2025-02-03,Detergent,23,161,74
2025-02-03,Juice,76,170,120
2025-02-04,Tea,25,186,80
2025-02-04,Coffee,44,141,129
2025-02-04,Soap,35,136,11
2025-02-04,Soap,33,173,64
2025-02-04,Noodles,86,144,117
2025-02-04,Butter,92,77,100
2025-02-04,Shampoo,17,85,133
2025-02-04,Butter,49,103,101
2025-02-04,Juice,97,130,114
2025-02-05,Chips,56,169,77
2025-02-05,Rice,25,162,95
2025-02-05,Oil,93,89,51
2025-02-05,Wheat,49,42,41
2025-02-05,Dal,13,48,31
2025-02-05,Sugar,79,62,149
2025-02-05,Juice,50,188,145
2025-02-05,Detergent,47,38,66
2025-02-05,Rice,46,91,46
2025-02-05,Oil,67,41,21
2025-02-05,Salt,90,128,133
2025-02-05,Eggs,48,91,14
2025-02-06,Wheat,27,200,31
2025-02-06,Soap,63,188,81
2025-02-06,Wheat,98,23,63
2025-02-06,Butter,36,140,146
2025-02-06,Shampoo,78,20,93
2025-02-06,Chips,11,46,141
2025-02-06,Detergent,42,132,17
2025-02-06,Tea,29,162,15
2025-02-07,Eggs,10,200,119
2025-02-07,Tea,78,29,45
2025-02-07,Noodles,53,111,45
2025-02-07,Butter,50,189,146
2025-02-07,Noodles,39,138,65
2025-02-07,Cold Drink,83,101,33
2025-02-07,Cold Drink,91,124,56
2025-02-07,Tea,43,127,116
2025-02-07,Sugar,85,21,54
2025-02-07,Eggs,44,197,23
2025-02-08,Noodles,13,172,59
2025-02-08,Sugar,94,93,8
2025-02-08,Wheat,26,178,147
2025-02-08,Juice,84,173,88
2025-02-08,Eggs,24,130,135
2025-02-08,Chips,43,142,149
2025-02-08,Butter,14,36,126
2025-02-08,Chips,88,95,87
2025-02-08,Noodles,14,107,110
2025-02-08,Shampoo,25,20,121
2025-02-08,Rice,100,194,24
2025-02-08,Dal,61,143,120
2025-02-08,Biscuits,96,174,131
2025-02-08,Shampoo,67,168,96
2025-02-08,Coffee,49,189,115
2025-02-09,Toothpaste,94,173,31
2025-02-09,Coffee,68,126,118
2025-02-09,Wheat,60,98,74
2025-02-09,Rice,90,36,124
2025-02-09,Soap,87,28,147
2025-02-09,Wheat,87,199,45
2025-02-09,Shampoo,89,166,95
2025-02-09,Rice,97,86,30
2025-02-09,Tea,33,133,42
2025-02-10,Eggs,72,135,42
2025-02-10,Oil,87,154,48
2025-02-10,Chips,98,138,105
2025-02-10,Dal,49,38,123
2025-02-10,Wheat,82,113,106
2025-02-10,Dal,27,135,15
2025-02-10,Bread,20,61,73
2025-02-10,Cold Drink,81,61,28
2025-02-10,Coffee,47,140,6
2025-02-10,Tea,38,130,148
2025-02-11,Bread,15,27,32
2025-02-11,Biscuits,20,197,11
2025-02-11,Noodles,12,67,96
2025-02-11,Oil,33,36,14
2025-02-11,Wheat,96,195,91
2025-02-11,Chips,63,158,27
2025-02-11,Wheat,22,109,12
2025-02-11,Oil,91,128,62
2025-02-12,Chips,26,61,100
2025-02-12,Coffee,65,79,130
2025-02-12,Coffee,96,184,101
2025-02-12,Juice,66,70,121
2025-02-12,Dal,80,61,118
2025-02-12,Bread,61,171,16
2025-02-12,Coffee,38,186,23
2025-02-12,Sugar,89,196,9
2025-02-12,Noodles,35,151,98
2025-02-12,Coffee,58,171,51
2025-02-12,Soap,69,66,105
2025-02-12,Noodles,36,157,67
2025-02-12,Soap,17,25,21
2025-02-12,Toothpaste,16,57,34
2025-02-12,Soap,27,101,61
2025-02-13,Biscuits,21,87,132
2025-02-13,Butter,62,43,57
2025-02-13,Noodles,67,21,6
2025-02-13,Shampoo,91,106,145
2025-02-13,Sugar,46,196,137
2025-02-13,Shampoo,76,169,47
2025-02-13,Bread,98,193,86
2025-02-13,Eggs,37,111,26
2025-02-14,Wheat,68,117,75
2025-02-14,Coffee,32,149,23
2025-02-14,Toothpaste,86,100,142
2025-02-14,Shampoo,61,167,113
2025-02-14,Shampoo,43,159,134
2025-02-14,Biscuits,14,130,129
2025-02-14,Toothpaste,67,110,68
2025-02-14,Tea,43,125,57
2025-02-14,Sugar,83,126,114
2025-02-14,Butter,67,121,150
2025-02-14,Butter,40,188,97
2025-02-14,Noodles,92,73,78
2025-02-14,Chips,49,114,120
2025-02-15,Eggs,52,180,102
2025-02-15,Salt,54,174,21
2025-02-15,Butter,98,34,150
2025-02-15,Sugar,52,114,115
2025-02-15,Dal,20,191,81
2025-02-15,Eggs,96,39,51
2025-02-15,Butter,21,167,32
2025-02-15,Wheat,26,197,149
2025-02-15,Salt,50,111,83
2025-02-15,Wheat,99,178,123
2025-02-15,Cold Drink,22,94,72
2025-02-15,Shampoo,34,127,16
2025-02-16,Rice,91,125,93
2025-02-16,Tea,40,143,11
2025-02-16,Tea,65,83,53
2025-02-16,Eggs,32,181,111
2025-02-16,Eggs,48,70,34
2025-02-16,Oil,89,50,69
2025-02-16,Coffee,93,169,109
2025-02-16,Tea,28,47,118
2025-02-16,Dal,42,49,48
2025-02-16,Bread,94,182,63
2025-02-16,Coffee,45,52,85
2025-02-16,Rice,13,191,76
2025-02-16,Dal,15,57,62
2025-02-16,Tea,80,193,23
2025-02-16,Butter,69,158,14
2025-02-17,Sugar,72,154,57
2025-02-17,Juice,42,198,75
2025-02-17,Detergent,24,189,87
2025-02-17,Soap,80,64,15
2025-02-17,Sugar,86,190,117
2025-02-17,Oil,90,113,108
2025-02-17,Noodles,73,174,97
2025-02-17,Soap,87,150,30
2025-02-17,Coffee,63,118,7
2025-02-17,Toothpaste,39,185,68
2025-02-17,Noodles,74,172,13
2025-02-17,Toothpaste,32,183,93
2025-02-17,Rice,33,150,78
2025-02-17,Chips,55,45,114
2025-02-18,Salt,53,28,74
2025-02-18,Wheat,91,95,68
2025-02-18,Chips,100,176,107
2025-02-18,Soap,28,102,51
2025-02-18,Noodles,75,157,50
2025-02-18,Sugar,66,27,140
2025-02-18,Coffee,31,45,131
2025-02-18,Sugar,91,62,34
2025-02-18,Wheat,73,109,18
2025-02-18,Bread,44,147,121
2025-02-18,Detergent,46,199,118
2025-02-19,Biscuits,72,52,127
2025-02-19,Noodles,48,26,119
2025-02-19,Soap,99,169,74
2025-02-19,Wheat,82,121,49
2025-02-19,Bread,53,143,85
2025-02-19,Oil,17,119,132
2025-02-19,Wheat,98,62,40
2025-02-19,Noodles,89,64,99
2025-02-19,Bread,70,142,71
2025-02-19,Oil,24,136,81
2025-02-19,Bread,58,117,67
2025-02-19,Oil,57,120,11
2025-02-20,Shampoo,37,42,20
2025-02-20,Shampoo,98,190,39
2025-02-20,Noodles,16,69,10
2025-02-20,Dal,51,151,97
2025-02-20,Noodles,88,39,110
2025-02-20,Sugar,73,126,39
2025-02-20,Biscuits,81,141,35
2025-02-20,Oil,26,21,89
2025-02-20,Dal,23,93,65
2025-02-20,Coffee,20,66,102
2025-02-20,Bread,29,31,73
2025-02-20,Biscuits,29,30,43
2025-02-20,Bread,58,98,128
2025-02-20,Toothpaste,53,113,148
2025-02-21,Biscuits,39,34,134
2025-02-21,Rice,13,44,145
2025-02-21,Salt,54,136,58
2025-02-21,Noodles,91,40,150
2025-02-21,Coffee,88,41,150
2025-02-21,Juice,63,191,138
2025-02-21,Wheat,71,118,79
2025-02-21,Sugar,87,112,54
2025-02-21,Dal,49,118,112
2025-02-21,Shampoo,12,121,83
2025-02-21,Butter,29,57,142
2025-02-22,Rice,39,126,143
2025-02-22,Butter,28,158,96
2025-02-22,Eggs,84,95,92
2025-02-22,Noodles,10,78,28
2025-02-22,Chips,90,169,92
2025-02-22,Noodles,83,188,28
2025-02-22,Dal,45,97,52
2025-02-22,Salt,21,96,57
2025-02-22,Wheat,43,159,46
2025-02-23,Noodles,64,199,61
2025-02-23,Tea,23,108,110
2025-02-23,Toothpaste,92,153,97
2025-02-23,Shampoo,53,61,57
2025-02-23,Rice,32,94,122
2025-02-23,Juice,19,184,46
2025-02-23,Toothpaste,35,199,89
2025-02-23,Juice,31,200,34
2025-02-23,Tea,66,46,53
2025-02-23,Noodles,73,66,29
2025-02-24,Detergent,87,189,46
2025-02-24,Tea,23,26,106
2025-02-24,Detergent,12,74,51
2025-02-24,Shampoo,34,142,105
2025-02-24,Juice,46,141,138
2025-02-24,Tea,16,184,112
2025-02-24,Detergent,40,175,107
2025-02-24,Rice,22,171,119
2025-02-24,Cold Drink,72,160,23
2025-02-24,Noodles,84,54,128
2025-02-25,Butter,32,164,23
2025-02-25,Wheat,38,121,97
2025-02-25,Toothpaste,10,74,37
2025-02-25,Tea,56,94,101
2025-02-25,Oil,48,156,67
2025-02-25,Shampoo,86,169,79
2025-02-25,Bread,18,138,109
2025-02-25,Soap,94,174,44
2025-02-25,Salt,26,141,20
2025-02-25,Dal,44,119,6
2025-02-25,Sugar,45,149,122
2025-02-25,Eggs,67,172,147
2025-02-25,Shampoo,31,142,101
2025-02-25,Salt,31,168,121
2025-02-26,Wheat,16,62,9
2025-02-26,Bread,29,98,118
2025-02-26,Oil,38,55,26
2025-02-26,Wheat,25,110,95
2025-02-26,Tea,71,161,73
2025-02-26,Eggs,100,109,42
2025-02-26,Sugar,22,118,28
2025-02-26,Noodles,51,145,150
2025-02-26,Shampoo,54,186,17
2025-02-26,Oil,85,197,89
2025-02-26,Chips,41,70,43
2025-02-27,Noodles,33,197,128
2025-02-27,Noodles,41,61,71
2025-02-27,Biscuits,37,179,107
2025-02-27,Detergent,36,98,126
2025-02-27,Dal,95,187,59
2025-02-27,Eggs,25,52,78
2025-02-27,Toothpaste,49,95,123
2025-02-27,Bread,22,99,115
2025-02-27,Butter,27,134,44
2025-02-27,Bread,96,188,126
2025-02-27,Chips,92,98,93
2025-02-28,Juice,46,173,148
2025-02-28,Detergent,24,53,7
2025-02-28,Noodles,94,88,46
2025-02-28,Eggs,31,188,111
2025-02-28,Detergent,49,80,73
2025-02-28,Toothpaste,42,91,63
2025-02-28,Salt,59,60,123
2025-02-28,Salt,72,40,46
2025-02-28,Biscuits,49,68,150
2025-02-28,Wheat,66,200,41
2025-02-28,Coffee,25,36,107
2025-02-28,Chips,14,177,90
2025-03-01,Sugar,79,85,68
2025-03-01,Juice,50,39,123
2025-03-01,Wheat,65,75,43
2025-03-01,Bread,17,127,142
2025-03-01,Detergent,39,126,55
2025-03-01,Dal,69,192,92
2025-03-01,Chips,73,119,105
2025-03-01,Wheat,41,151,22
2025-03-01,Noodles,20,24,72
2025-03-01,Rice,67,164,131
2025-03-01,Coffee,58,165,81
2025-03-01,Juice,100,196,101
2025-03-02,Oil,77,135,131
2025-03-02,Toothpaste,35,181,53
2025-03-02,Chips,48,62,85
2025-03-02,Coffee,40,26,50
2025-03-02,Coffee,88,21,105
2025-03-02,Bread,44,82,13
2025-03-02,Wheat,10,157,71
2025-03-02,Eggs,24,129,47
2025-03-02,Oil,57,99,52
2025-03-02,Bread,11,34,19
2025-03-02,Cold Drink,35,178,33
2025-03-02,Biscuits,72,57,91
2025-03-02,Noodles,46,44,45
2025-03-02,Rice,38,29,130
2025-03-02,Biscuits,56,158,65
2025-03-03,Rice,91,177,93
2025-03-03,Coffee,63,161,92
2025-03-03,Biscuits,83,49,122
2025-03-03,Rice,22,25,9
2025-03-03,Sugar,34,177,144
2025-03-03,Toothpaste,88,128,145
2025-03-03,Soap,37,31,51
2025-03-03,Salt,58,160,68
2025-03-03,Toothpaste,40,43,10
2025-03-03,Shampoo,71,168,15
2025-03-03,Dal,73,54,7
2025-03-03,Oil,75,177,28
2025-03-03,Shampoo,80,117,34
2025-03-03,Oil,42,71,81
2025-03-04,Soap,60,169,104
2025-03-04,Chips,33,57,121
2025-03-04,Eggs,74,51,24
2025-03-04,Noodles,88,83,93
2025-03-04,Oil,79,78,48
2025-03-04,Biscuits,78,192,138
2025-03-04,Chips,98,171,36
2025-03-04,Salt,65,75,10
2025-03-04,Noodles,26,198,37
2025-03-04,Eggs,22,110,10
2025-03-04,Soap,15,96,132
2025-03-04,Butter,51,105,52
2025-03-04,Bread,59,188,79
2025-03-04,Noodles,35,107,73
2025-03-04,Cold Drink,89,100,59
2025-03-05,Noodles,99,124,78
2025-03-05,Eggs,89,130,30
2025-03-05,Butter,16,51,104
2025-03-05,Juice,97,25,84
2025-03-05,Tea,68,175,149
2025-03-05,Bread,67,183,76
2025-03-05,Dal,98,188,111
2025-03-05,Rice,15,154,31
2025-03-05,Wheat,91,72,21
2025-03-05,Oil,52,68,38
2025-03-05,Bread,67,24,146
2025-03-05,Rice,47,46,55
2025-03-05,Eggs,47,24,108
2025-03-06,Eggs,75,174,95
2025-03-06,Juice,23,109,81
2025-03-06,Biscuits,35,21,74
2025-03-06,Toothpaste,91,86,113
2025-03-06,Oil,40,91,136
2025-03-06,Biscuits,68,179,33
2025-03-06,Detergent,40,144,56
2025-03-06,Soap,22,65,85
2025-03-07,Sugar,51,95,97
2025-03-07,Noodles,24,127,70
2025-03-07,Oil,64,20,141
2025-03-07,Tea,67,33,54
2025-03-07,Butter,29,190,139
2025-03-07,Dal,73,42,121
2025-03-07,Juice,82,49,86
2025-03-07,Cold Drink,35,109,142
2025-03-08,Dal,18,44,142
2025-03-08,Sugar,42,59,56
2025-03-08,Salt,81,159,75
2025-03-08,Wheat,36,44,82
2025-03-08,Juice,82,72,36
2025-03-08,Noodles,51,144,88
2025-03-08,Soap,66,113,36
2025-03-08,Dal,44,179,40
2025-03-08,Cold Drink,86,106,119
2025-03-08,Wheat,95,168,118
2025-03-08,Soap,71,97,14
2025-03-08,Soap,52,119,80
2025-03-08,Rice,49,50,67
2025-03-08,Rice,46,167,113
2025-03-08,Wheat,57,109,97
2025-03-09,Bread,28,116,85
2025-03-09,Oil,56,186,132
2025-03-09,Dal,12,65,37
2025-03-09,Tea,95,168,66
2025-03-09,Eggs,17,29,55
2025-03-09,Soap,71,147,108
2025-03-09,Detergent,84,66,41
2025-03-09,Chips,31,184,13
2025-03-09,Soap,97,75,145
2025-03-09,Biscuits,16,159,51
2025-03-09,Rice,78,109,130
2025-03-10,Cold Drink,19,75,145
2025-03-10,Toothpaste,53,191,89
2025-03-10,Cold Drink,27,190,17
2025-03-10,Shampoo,42,87,13
2025-03-10,Dal,73,104,69
2025-03-10,Tea,34,152,80
2025-03-10,Eggs,42,58,19
2025-03-10,Biscuits,58,38,113
2025-03-10,Coffee,31,140,26
2025-03-10,Biscuits,91,32,150
2025-03-10,Sugar,11,64,77
2025-03-10,Tea,89,107,56
2025-03-10,Toothpaste,14,30,49
2025-03-11,Sugar,61,99,101
2025-03-11,Soap,10,156,85
2025-03-11,Oil,78,143,80
2025-03-11,Dal,46,91,75
2025-03-11,Wheat,90,188,132
2025-03-11,Chips,96,55,126
2025-03-11,Juice,67,139,51
2025-03-11,Butter,53,78,150
2025-03-11,Bread,53,155,136
2025-03-11,Noodles,60,117,12
2025-03-11,Sugar,84,108,60
2025-03-11,Juice,17,155,17
2025-03-11,Soap,53,130,29
2025-03-12,Butter,15,107,73
2025-03-12,Juice,82,117,31
2025-03-12,Juice,67,161,101
2025-03-12,Biscuits,99,55,118
2025-03-12,Wheat,55,69,84
2025-03-12,Chips,56,150,143
2025-03-12,Chips,82,144,137
2025-03-12,Tea,14,188,50
2025-03-13,Salt,78,32,73
2025-03-13,Chips,64,87,97
2025-03-13,Eggs,94,69,93
2025-03-13,Oil,86,71,76
2025-03-13,Biscuits,55,140,85
2025-03-13,Juice,35,28,108
2025-03-13,Rice,19,138,86
2025-03-13,Tea,14,115,12
2025-03-13,Tea,88,128,31
2025-03-13,Detergent,54,132,104
2025-03-13,Wheat,96,46,73
2025-03-14,Dal,71,67,115
2025-03-14,Rice,11,149,143
2025-03-14,Chips,82,176,57
2025-03-14,Sugar,50,86,57
2025-03-14,Butter,16,71,114
2025-03-14,Detergent,71,156,109
2025-03-14,Soap,38,50,105
2025-03-14,Tea,29,100,101
2025-03-14,Soap,81,147,60
2025-03-14,Shampoo,18,65,124
2025-03-15,Chips,48,66,29
2025-03-15,Butter,93,155,65
2025-03-15,Dal,76,99,16
2025-03-15,Oil,10,59,58
2025-03-15,Biscuits,74,127,112
2025-03-15,Chips,72,70,57
2025-03-15,Salt,20,134,64
2025-03-15,Toothpaste,56,27,86
2025-03-15,Rice,94,190,90
2025-03-15,Wheat,41,109,86
2025-03-15,Cold Drink,96,132,92
2025-03-15,Sugar,60,160,27
2025-03-15,Chips,74,59,31
2025-03-15,Oil,12,186,34
2025-03-16,Cold Drink,58,78,28
2025-03-16,Detergent,27,123,111
2025-03-16,Dal,42,88,100
2025-03-16,Detergent,38,87,86
2025-03-16,Dal,44,120,66
2025-03-16,Eggs,86,119,116
2025-03-16,Shampoo,61,30,63
2025-03-16,Eggs,94,106,124
2025-03-16,Soap,39,29,117
2025-03-16,Toothpaste,20,93,13
2025-03-16,Bread,35,147,117
2025-03-16,Chips,36,32,93
2025-03-17,Toothpaste,12,165,84
2025-03-17,Noodles,85,106,63
2025-03-17,Tea,41,112,97
2025-03-17,Wheat,69,110,113
2025-03-17,Salt,21,131,12
2025-03-17,Soap,58,87,27
2025-03-17,Coffee,50,82,67
2025-03-17,Biscuits,78,192,45
2025-03-17,Eggs,97,196,44
2025-03-17,Cold Drink,31,197,100
2025-03-18,Detergent,38,176,78
2025-03-18,Rice,79,40,45
2025-03-18,Biscuits,96,54,114
2025-03-18,Soap,70,94,44
2025-03-18,Tea,31,34,97
2025-03-18,Rice,67,127,90
2025-03-18,Juice,69,82,108
2025-03-18,Coffee,77,110,51
2025-03-18,Coffee,78,68,86
2025-03-19,Chips,30,175,30
2025-03-19,Wheat,50,147,135
2025-03-19,Dal,61,146,45
2025-03-19,Coffee,73,152,66
2025-03-19,Bread,11,29,25
2025-03-19,Juice,88,22,43
2025-03-19,Biscuits,100,55,133
2025-03-19,Soap,94,167,144
2025-03-19,Cold Drink,53,32,141
2025-03-19,Shampoo,31,48,125
2025-03-19,Detergent,43,49,144
2025-03-19,Wheat,15,122,146
2025-03-20,Toothpaste,60,175,100
2025-03-20,Salt,93,63,26
2025-03-20,Wheat,75,55,102
2025-03-20,Bread,24,162,111
2025-03-20,Juice,32,158,100
2025-03-20,Wheat,25,85,95
2025-03-20,Salt,65,132,58
2025-03-20,Toothpaste,84,77,32
2025-03-20,Bread,61,173,120
2025-03-21,Rice,52,108,5
2025-03-21,Salt,49,85,105
2025-03-21,Chips,97,188,107
2025-03-21,Rice,35,170,123
2025-03-21,Sugar,32,93,142
2025-03-21,Tea,24,123,30
2025-03-21,Butter,89,58,127
2025-03-21,Sugar,23,88,79
2025-03-21,Noodles,14,134,74
2025-03-21,Chips,96,66,143
2025-03-21,Toothpaste,94,68,112
2025-03-21,Oil,97,103,84
2025-03-22,Cold Drink,48,58,47
2025-03-22,Coffee,84,96,150
2025-03-22,Detergent,41,83,53
2025-03-22,Juice,14,197,14
2025-03-22,Wheat,64,21,17
2025-03-22,Juice,100,116,69
2025-03-22,Soap,73,40,51
2025-03-22,Cold Drink,81,90,141
2025-03-23,Shampoo,79,64,9
2025-03-23,Coffee,58,168,7
2025-03-23,Tea,33,94,119
2025-03-23,Cold Drink,43,36,86
2025-03-23,Toothpaste,32,150,136
2025-03-23,Sugar,68,59,134
2025-03-23,Soap,11,38,146
2025-03-23,Biscuits,38,34,85
2025-03-23,Toothpaste,75,46,123
2025-03-23,Toothpaste,34,71,77
2025-03-23,Oil,33,183,78
2025-03-23,Butter,56,69,25
2025-03-23,Sugar,26,81,92
2025-03-23,Dal,13,174,107
2025-03-23,Biscuits,20,161,110
2025-03-24,Wheat,80,176,15
2025-03-24,Sugar,49,100,47
2025-03-24,Soap,47,91,20
2025-03-24,Noodles,15,63,75
2025-03-24,Coffee,18,122,51
2025-03-24,Cold Drink,47,55,93
2025-03-24,Oil,70,163,106
2025-03-24,Sugar,11,83,31
2025-03-24,Salt,15,117,18
2025-03-24,Biscuits,61,123,126
2025-03-24,Soap,25,55,104
2025-03-24,Juice,89,120,24
2025-03-24,Dal,67,139,14
2025-03-25,Tea,74,93,138
2025-03-25,Soap,76,90,144
2025-03-25,Coffee,14,199,87
2025-03-25,Cold Drink,16,55,69
2025-03-25,Noodles,54,194,19
2025-03-25,Biscuits,71,149,22
2025-03-25,Juice,65,55,27
2025-03-25,Chips,18,138,103
2025-03-25,Coffee,24,141,54
2025-03-25,Bread,81,23,40
2025-03-25,Rice,10,111,85
2025-03-25,Noodles,59,55,141
2025-03-25,Soap,28,130,30
2025-03-26,Coffee,83,188,51
2025-03-26,Rice,72,43,89
2025-03-26,Toothpaste,26,139,128
2025-03-26,Butter,39,58,121
2025-03-26,Toothpaste,37,169,120
2025-03-26,Noodles,88,70,139
2025-03-26,Salt,100,198,127
2025-03-26,Dal,14,180,103
2025-03-27,Butter,40,130,6
2025-03-27,Shampoo,44,171,16
2025-03-27,Juice,14,112,119
2025-03-27,Rice,70,30,95
2025-03-27,Coffee,55,181,51
2025-03-27,Oil,81,186,12
2025-03-27,Rice,97,121,31
2025-03-27,Dal,40,111,31
2025-03-27,Soap,45,47,109
2025-03-27,Wheat,63,127,134
2025-03-27,Eggs,22,104,85
2025-03-27,Salt,54,195,136
2025-03-27,Biscuits,40,193,71
2025-03-27,Eggs,21,35,50
2025-03-27,Cold Drink,20,129,43
2025-03-28,Tea,46,91,77
2025-03-28,Sugar,88,123,83
2025-03-28,Noodles,82,106,21
2025-03-28,Sugar,24,46,78
2025-03-28,Biscuits,83,115,20
2025-03-28,Wheat,51,116,142
2025-03-28,Wheat,43,75,128
2025-03-28,Butter,60,136,97
2025-03-28,Detergent,37,101,31
2025-03-28,Toothpaste,59,25,35
2025-03-28,Eggs,24,86,40
2025-03-28,Oil,57,166,48
2025-03-28,Wheat,53,194,100
2025-03-28,Oil,33,101,33
2025-03-29,Biscuits,94,111,47
2025-03-29,Juice,28,35,12
2025-03-29,Soap,83,166,145
2025-03-29,Cold Drink,63,181,11
2025-03-29,Toothpaste,96,35,15
2025-03-29,Bread,13,100,17
2025-03-29,Soap,45,195,123
2025-03-29,Shampoo,45,97,119
2025-03-29,Tea,23,172,72
2025-03-30,Shampoo,55,114,20
2025-03-30,Bread,11,79,46
2025-03-30,Tea,51,47,72
2025-03-30,Rice,100,186,39
2025-03-30,Noodles,80,122,143
2025-03-30,Detergent,27,86,55
2025-03-30,Salt,34,171,146
2025-03-30,Oil,16,54,42
2025-03-30,Tea,18,119,148
2025-03-30,Butter,99,59,93
2025-03-30,Shampoo,54,87,100
2025-03-30,Wheat,61,153,45
2025-03-30,Butter,45,153,51
2025-03-31,Shampoo,57,106,106
2025-03-31,Rice,45,33,111
2025-03-31,Soap,96,122,132
2025-03-31,Chips,10,125,90
2025-03-31,Toothpaste,23,156,26
2025-03-31,Noodles,88,75,123
2025-03-31,Shampoo,29,155,86
2025-03-31,Oil,78,68,114
2025-03-31,Toothpaste,39,41,8
2025-04-01,Tea,14,192,76
2025-04-01,Oil,84,194,115
2025-04-01,Rice,32,98,9
2025-04-01,Biscuits,18,140,94
2025-04-01,Tea,28,92,51
2025-04-01,Detergent,78,182,148
2025-04-01,Rice,86,32,20
2025-04-01,Toothpaste,94,167,40
2025-04-01,Salt,53,148,96
2025-04-01,Salt,44,199,147
2025-04-01,Eggs,35,182,10
2025-04-01,Butter,10,125,41
2025-04-01,Noodles,25,157,115
2025-04-02,Toothpaste,27,101,149
2025-04-02,Noodles,44,178,138
2025-04-02,Rice,93,83,76
2025-04-02,Juice,90,42,113
2025-04-02,Shampoo,80,153,8
2025-04-02,Coffee,79,144,87
2025-04-02,Bread,35,112,125
2025-04-02,Wheat,45,41,67
2025-04-02,Coffee,43,69,33
2025-04-02,Toothpaste,94,53,143
2025-04-02,Shampoo,10,176,69
2025-04-02,Chips,84,42,47
2025-04-02,Coffee,82,45,50
2025-04-03,Butter,94,63,40
2025-04-03,Bread,58,192,84
2025-04-03,Oil,61,47,111
2025-04-03,Chips,57,172,144
2025-04-03,Sugar,80,149,124
2025-04-03,Butter,65,34,115
2025-04-03,Chips,26,124,105
2025-04-03,Salt,16,120,118
2025-04-03,Dal,88,50,81
2025-04-03,Coffee,25,195,108
2025-04-03,Shampoo,15,150,49
2025-04-03,Toothpaste,35,25,144
2025-04-03,Cold Drink,87,81,124
2025-04-03,Soap,19,121,68
2025-04-04,Bread,47,164,93
2025-04-04,Wheat,56,81,103
2025-04-04,Biscuits,26,42,60
2025-04-04,Coffee,76,26,106
2025-04-04,Juice,53,168,86
2025-04-04,Shampoo,16,58,71
2025-04-04,Butter,18,182,92
2025-04-04,Sugar,19,154,78
2025-04-04,Rice,48,56,55
2025-04-05,Coffee,55,96,135
2025-04-05,Cold Drink,33,47,83
2025-04-05,Wheat,62,168,7
2025-04-05,Wheat,67,92,47
2025-04-05,Sugar,75,64,82
2025-04-05,Sugar,65,166,126
2025-04-05,Rice,41,174,29
2025-04-05,Dal,52,109,137
2025-04-05,Tea,91,137,61
2025-04-05,Wheat,43,161,9
2025-04-05,Cold Drink,15,152,134
2025-04-05,Eggs,100,128,138
2025-04-05,Sugar,65,175,17
2025-04-06,Rice,82,172,29
2025-04-06,Tea,82,32,127
2025-04-06,Detergent,93,54,90
2025-04-06,Salt,56,64,35
2025-04-06,Detergent,95,200,74
2025-04-06,Biscuits,62,165,24
2025-04-06,Rice,82,126,36
2025-04-06,Soap,13,124,45
2025-04-06,Toothpaste,98,26,119
2025-04-06,Wheat,18,95,68
2025-04-06,Toothpaste,95,127,144
2025-04-07,Cold Drink,61,189,61
2025-04-07,Salt,87,69,122
2025-04-07,Shampoo,79,94,93
2025-04-07,Salt,27,138,69
2025-04-07,Noodles,90,186,43
2025-04-07,Tea,52,147,57
2025-04-07,Soap,96,59,87
2025-04-07,Detergent,75,171,76
2025-04-07,Toothpaste,91,183,89
2025-04-07,Rice,71,94,141
2025-04-07,Butter,91,141,79
2025-04-08,Toothpaste,64,197,8
2025-04-08,Oil,49,46,62
2025-04-08,Biscuits,14,126,127
2025-04-08,Cold Drink,16,71,58
2025-04-08,Shampoo,20,159,132
2025-04-08,Biscuits,45,110,69
2025-04-08,Oil,27,130,44
2025-04-08,Wheat,58,61,119
2025-04-08,Toothpaste,14,42,41
2025-04-09,Juice,87,182,57
2025-04-09,Shampoo,39,196,31
2025-04-09,Oil,15,60,5
2025-04-09,Biscuits,74,119,50
2025-04-09,Rice,68,93,139
2025-04-09,Bread,30,189,12
2025-04-09,Detergent,37,23,74
2025-04-09,Butter,44,172,89
2025-04-09,Cold Drink,40,84,23
2025-04-09,Butter,97,81,66
2025-04-09,Eggs,98,56,47
2025-04-09,Coffee,57,105,69
2025-04-09,Shampoo,25,55,91
2025-04-09,Coffee,16,140,73
2025-04-09,Sugar,48,101,145
2025-04-10,Tea,61,26,95
2025-04-10,Juice,42,121,22
2025-04-10,Detergent,53,160,38
2025-04-10,Soap,34,191,63
2025-04-10,Cold Drink,28,146,20
2025-04-10,Wheat,57,189,60
2025-04-10,Juice,51,111,98
2025-04-10,Tea,75,52,121
2025-04-10,Soap,17,31,67
2025-04-10,Coffee,28,199,37
2025-04-10,Detergent,41,71,35
2025-04-10,Sugar,75,30,7
2025-04-10,Toothpaste,95,69,91
2025-04-11,Coffee,57,29,130
2025-04-11,Wheat,45,54,117
2025-04-11,Dal,42,131,113
2025-04-11,Toothpaste,59,44,46
2025-04-11,Bread,54,120,102
2025-04-11,Salt,99,85,36
2025-04-11,Shampoo,88,149,27
2025-04-11,Shampoo,35,32,10
2025-04-11,Coffee,74,81,13
2025-04-11,Biscuits,98,88,17
2025-04-11,Sugar,32,141,128
2025-04-11,Cold Drink,66,189,111
2025-04-11,Detergent,49,185,52
2025-04-12,Butter,96,46,89
2025-04-12,Rice,85,51,103
2025-04-12,Juice,15,35,53
2025-04-12,Chips,80,27,42
2025-04-12,Tea,97,121,131
2025-04-12,Cold Drink,80,135,75
2025-04-12,Oil,61,178,76
2025-04-12,Cold Drink,75,138,89
2025-04-12,Coffee,20,156,65
2025-04-12,Bread,19,132,30
2025-04-12,Soap,60,113,17
2025-04-12,Shampoo,30,161,34
2025-04-12,Butter,73,83,144
2025-04-12,Eggs,73,45,13
2025-04-13,Tea,83,48,79
2025-04-13,Noodles,65,143,135
2025-04-13,Rice,33,84,8
2025-04-13,Juice,61,99,77
2025-04-13,Salt,82,196,113
2025-04-13,Cold Drink,96,119,34
2025-04-13,Oil,13,40,35
2025-04-13,Cold Drink,37,68,113
2025-04-13,Tea,91,108,33
2025-04-14,Biscuits,57,187,66
2025-04-14,Wheat,93,57,30
2025-04-14,Biscuits,65,162,145
2025-04-14,Toothpaste,71,173,68
2025-04-14,Butter,62,128,130
2025-04-14,Dal,27,111,82
2025-04-14,Biscuits,27,53,94
2025-04-14,Oil,34,83,52
2025-04-14,Salt,96,148,130
2025-04-14,Toothpaste,18,199,120
2025-04-14,Juice,75,89,58
2025-04-14,Bread,20,133,30
2025-04-15,Wheat,41,42,134
2025-04-15,Cold Drink,74,156,15
2025-04-15,Oil,83,30,51
2025-04-15,Sugar,36,125,6
2025-04-15,Salt,86,150,91
2025-04-15,Oil,18,76,85
2025-04-15,Salt,87,68,93
2025-04-15,Noodles,99,158,46
2025-04-15,Oil,91,197,50
2025-04-15,Coffee,72,168,107
2025-04-15,Wheat,41,170,114
2025-04-15,Salt,43,192,76
2025-04-15,Juice,68,36,67
2025-04-16,Salt,43,121,35
2025-04-16,Rice,74,84,121
2025-04-16,Sugar,73,142,77
2025-04-16,Biscuits,75,163,34
2025-04-16,Oil,47,161,84
2025-04-16,Rice,10,115,127
2025-04-16,Shampoo,60,127,35
2025-04-16,Coffee,43,60,48
2025-04-16,Rice,78,50,84
2025-04-16,Butter,53,82,102
2025-04-16,Sugar,79,179,79
2025-04-16,Juice,91,175,117
2025-04-16,Dal,40,175,144
2025-04-16,Cold Drink,96,73,49
2025-04-17,Chips,12,133,31
2025-04-17,Biscuits,45,90,10
2025-04-17,Biscuits,73,67,33
2025-04-17,Detergent,89,117,147
2025-04-17,Eggs,44,122,146
2025-04-17,Detergent,77,127,144
2025-04-17,Wheat,47,28,122
2025-04-17,Oil,55,41,41
2025-04-17,Bread,47,158,118
2025-04-17,Butter,94,152,131
2025-04-17,Biscuits,44,178,133
2025-04-17,Butter,65,30,26
2025-04-17,Biscuits,14,130,31
2025-04-18,Tea,84,20,120
2025-04-18,Toothpaste,33,171,37
2025-04-18,Oil,90,79,71
2025-04-18,Sugar,69,54,23
2025-04-18,Toothpaste,42,122,88
2025-04-18,Tea,62,21,86
2025-04-18,Eggs,30,187,130
2025-04-18,Oil,58,195,10
2025-04-18,Rice,84,71,7
2025-04-18,Rice,77,160,71
2025-04-18,Rice,33,160,13
2025-04-18,Cold Drink,47,68,110
2025-04-19,Cold Drink,57,157,46
2025-04-19,Noodles,83,58,105
2025-04-19,Wheat,25,139,95
2025-04-19,Oil,52,48,117
2025-04-19,Detergent,82,117,127
2025-04-19,Wheat,81,131,52
2025-04-19,Shampoo,27,103,49
2025-04-19,Sugar,96,108,52
2025-04-20,Biscuits,88,200,127
2025-04-20,Dal,13,108,54
2025-04-20,Rice,42,49,25
2025-04-20,Eggs,13,27,35
2025-04-20,Cold Drink,39,123,136
2025-04-20,Coffee,33,73,149
2025-04-20,Juice,88,84,120
2025-04-20,Shampoo,76,80,100
2025-04-20,Wheat,69,181,73
2025-04-20,Oil,12,129,67
2025-04-20,Butter,51,61,131
2025-04-20,Juice,52,141,45
2025-04-20,Chips,41,91,73
2025-04-20,Bread,57,71,75
2025-04-20,Biscuits,92,154,17
2025-04-21,Cold Drink,99,181,144
2025-04-21,Dal,26,36,30
2025-04-21,Salt,17,116,43
2025-04-21,Wheat,70,70,45
2025-04-21,Chips,87,189,144
2025-04-21,Eggs,10,108,71
2025-04-21,Detergent,66,61,75
2025-04-21,Oil,40,64,125
2025-04-21,Rice,93,129,67
2025-04-21,Oil,72,198,73
2025-04-21,Dal,56,88,125
2025-04-22,Sugar,49,193,27
2025-04-22,Soap,91,66,16
2025-04-22,Coffee,48,78,92
2025-04-22,Sugar,92,191,37
2025-04-22,Sugar,36,162,7
2025-04-22,Detergent,95,39,33
2025-04-22,Soap,66,171,106
2025-04-22,Toothpaste,49,110,86
2025-04-22,Wheat,18,149,126
2025-04-22,Butter,12,84,135
2025-04-22,Dal,72,179,28
2025-04-22,Eggs,69,120,53
2025-04-22,Dal,36,63,37
2025-04-22,Tea,46,170,129
2025-04-23,Bread,30,40,123
2025-04-23,Tea,80,58,5
2025-04-23,Wheat,85,197,13
2025-04-23,Eggs,55,129,33
2025-04-23,Butter,60,173,31
2025-04-23,Sugar,61,96,56
2025-04-23,Rice,87,111,44
2025-04-23,Rice,97,22,7
2025-04-23,Detergent,98,74,95
2025-04-23,Butter,38,171,6
2025-04-23,Detergent,91,155,48
2025-04-23,Shampoo,33,34,17
2025-04-23,Coffee,12,161,115
2025-04-23,Oil,26,35,55
2025-04-23,Coffee,15,57,77
2025-04-24,Biscuits,42,138,60
2025-04-24,Coffee,87,147,15
2025-04-24,Detergent,73,47,41
2025-04-24,Eggs,71,82,32
2025-04-24,Shampoo,97,195,71
2025-04-24,Noodles,98,101,76
2025-04-24,Eggs,77,77,139
2025-04-24,Butter,44,117,35
2025-04-24,Toothpaste,48,58,143
2025-04-24,Cold Drink,34,140,20
2025-04-24,Butter,82,79,68
2025-04-24,Bread,30,170,100
2025-04-24,Toothpaste,71,152,42
2025-04-24,Wheat,46,191,62
2025-04-24,Biscuits,50,71,115
2025-04-25,Toothpaste,96,151,108
2025-04-25,Noodles,76,155,54
2025-04-25,Rice,21,191,18
2025-04-25,Detergent,78,98,141
2025-04-25,Noodles,39,115,115
2025-04-25,Rice,36,183,56
2025-04-25,Chips,53,95,65
2025-04-25,Wheat,77,191,76
2025-04-25,Eggs,34,151,133
2025-04-25,Soap,45,87,132
2025-04-25,Bread,39,78,20
2025-04-26,Sugar,44,108,96
2025-04-26,Bread,20,24,22
2025-04-26,Noodles,28,49,126
2025-04-26,Detergent,100,85,8
2025-04-26,Biscuits,11,98,74
2025-04-26,Eggs,14,136,53
2025-04-26,Oil,98,152,121
2025-04-26,Chips,11,85,111
2025-04-26,Bread,33,97,129
2025-04-26,Wheat,76,105,44
2025-04-26,Salt,50,122,112
2025-04-26,Biscuits,71,165,16
2025-04-27,Coffee,38,104,139
2025-04-27,Dal,50,184,81
2025-04-27,Detergent,26,105,23
2025-04-27,Juice,48,39,52
2025-04-27,Dal,35,59,8
2025-04-27,Soap,20,68,33
2025-04-27,Shampoo,60,144,10
2025-04-27,Salt,68,57,35
2025-04-27,Soap,44,122,147
2025-04-27,Coffee,46,77,135
2025-04-27,Tea,23,33,7
2025-04-27,Coffee,87,43,22
2025-04-27,Butter,21,135,118
2025-04-28,Sugar,39,148,54
2025-04-28,Toothpaste,25,163,36
2025-04-28,Tea,21,165,45
2025-04-28,Noodles,49,189,126
2025-04-28,Coffee,86,135,85
2025-04-28,Chips,30,154,26
2025-04-28,Cold Drink,41,154,15
2025-04-28,Tea,62,159,73
2025-04-28,Rice,72,91,125
2025-04-28,Bread,15,56,134
2025-04-28,Sugar,44,32,38
2025-04-28,Butter,80,93,62
2025-04-29,Oil,92,66,72
2025-04-29,Wheat,22,127,127
2025-04-29,Chips,46,84,70
2025-04-29,Detergent,30,120,87
2025-04-29,Shampoo,53,53,93
2025-04-29,Salt,18,199,50
2025-04-29,Bread,42,47,129
2025-04-29,Oil,28,152,137
2025-04-30,Butter,36,80,118
2025-04-30,Shampoo,81,59,95
2025-04-30,Detergent,59,146,27
2025-04-30,Wheat,96,124,65
2025-04-30,Coffee,79,88,94
2025-04-30,Noodles,48,171,24
2025-04-30,Sugar,29,133,17
2025-04-30,Salt,60,95,61
2025-04-30,Oil,81,183,42
2025-04-30,Wheat,72,174,117
2025-04-30,Sugar,42,176,114
2025-04-30,Tea,84,130,79
2025-04-30,Wheat,51,108,12
2025-05-01,Butter,76,98,15
2025-05-01,Biscuits,82,140,79
2025-05-01,Rice,94,123,10
2025-05-01,Toothpaste,41,42,47
2025-05-01,Detergent,23,190,38
2025-05-01,Rice,32,167,117
2025-05-01,Tea,21,159,88
2025-05-01,Chips,63,184,66
2025-05-01,Oil,53,80,17
2025-05-01,Rice,24,127,18
2025-05-01,Eggs,77,31,19
2025-05-01,Noodles,92,62,40
2025-05-02,Shampoo,66,62,126
2025-05-02,Biscuits,40,189,19
2025-05-02,Chips,64,40,128
2025-05-02,Cold Drink,27,135,14
2025-05-02,Chips,67,68,114
2025-05-02,Detergent,28,134,103
2025-05-02,Salt,44,50,98
2025-05-02,Eggs,33,107,48
2025-05-02,Sugar,13,129,59
2025-05-02,Cold Drink,27,113,90
2025-05-02,Bread,21,101,95
2025-05-02,Oil,47,104,14
2025-05-02,Butter,80,41,105
2025-05-03,Wheat,27,20,23
2025-05-03,Noodles,71,165,97
2025-05-03,Wheat,76,173,98
2025-05-03,Coffee,30,180,150
2025-05-03,Eggs,18,27,91
2025-05-03,Butter,82,51,27
2025-05-03,Detergent,70,195,142
2025-05-03,Shampoo,61,55,59
2025-05-03,Rice,66,195,23
2025-05-03,Shampoo,20,92,17
2025-05-03,Bread,30,117,35
2025-05-03,Dal,49,40,136
2025-05-03,Sugar,17,110,11
2025-05-03,Biscuits,58,179,37
2025-05-04,Biscuits,68,162,113
2025-05-04,Biscuits,70,111,36
2025-05-04,Salt,66,53,93
2025-05-04,Butter,17,45,55
2025-05-04,Detergent,18,200,85
2025-05-04,Shampoo,13,91,112
2025-05-04,Eggs,70,27,81
2025-05-04,Eggs,100,189,118
2025-05-04,Soap,79,110,141
2025-05-05,Shampoo,94,130,28
2025-05-05,Oil,46,49,91
2025-05-05,Bread,72,106,111
2025-05-05,Butter,10,73,31
2025-05-05,Dal,59,135,121
2025-05-05,Eggs,92,36,105
2025-05-05,Butter,95,21,117
2025-05-05,Dal,48,98,145
2025-05-05,Oil,36,83,91
2025-05-05,Cold Drink,42,146,9
2025-05-06,Shampoo,37,56,45
2025-05-06,Coffee,51,133,122
2025-05-06,Oil,97,170,82
2025-05-06,Biscuits,72,96,69
2025-05-06,Tea,87,181,88
2025-05-06,Detergent,26,47,109
2025-05-06,Coffee,16,28,48
2025-05-06,Toothpaste,23,163,7
2025-05-06,Oil,49,129,82
2025-05-07,Dal,42,58,121
2025-05-07,Salt,89,123,21
2025-05-07,Noodles,50,172,74
2025-05-07,Cold Drink,88,195,89
2025-05-07,Shampoo,66,160,141
2025-05-07,Biscuits,23,63,107
2025-05-07,Tea,62,35,33
2025-05-07,Cold Drink,42,162,36
2025-05-07,Bread,19,35,51
2025-05-07,Bread,99,163,127
2025-05-08,Oil,15,190,128
2025-05-08,Sugar,26,53,149
2025-05-08,Detergent,50,122,102
2025-05-08,Butter,68,53,43
2025-05-08,Eggs,35,125,124
2025-05-08,Butter,46,197,53
2025-05-08,Butter,32,132,136
2025-05-08,Coffee,59,168,110
2025-05-08,Bread,32,39,102
2025-05-09,Rice,54,142,127
2025-05-09,Cold Drink,50,98,99
2025-05-09,Noodles,18,165,78
2025-05-09,Toothpaste,56,33,149
2025-05-09,Chips,100,46,119
2025-05-09,Chips,68,150,118
2025-05-09,Juice,47,193,88
2025-05-09,Tea,90,128,14
2025-05-09,Bread,28,34,69
2025-05-09,Detergent,68,109,96
2025-05-10,Cold Drink,27,168,67
2025-05-10,Bread,29,146,142
2025-05-10,Coffee,18,80,15
2025-05-10,Detergent,17,66,11
2025-05-10,Eggs,12,70,73
2025-05-10,Butter,40,37,138
2025-05-10,Wheat,15,97,112
2025-05-10,Eggs,68,190,116
2025-05-10,Biscuits,53,179,124
2025-05-10,Dal,11,169,147
2025-05-10,Tea,78,123,107
2025-05-10,Cold Drink,93,172,83
2025-05-10,Oil,52,139,9
2025-05-10,Bread,54,128,105
2025-05-10,Butter,67,76,138
2025-05-11,Noodles,98,147,78
2025-05-11,Cold Drink,29,170,47
2025-05-11,Cold Drink,40,162,7
2025-05-11,Coffee,19,52,92
2025-05-11,Wheat,14,194,128
2025-05-11,Coffee,73,27,83
2025-05-11,Tea,15,150,150
2025-05-11,Dal,90,93,83
2025-05-12,Salt,57,43,97
2025-05-12,Butter,40,44,25
2025-05-12,Wheat,25,82,12
2025-05-12,Cold Drink,84,108,63
2025-05-12,Rice,100,106,133
2025-05-12,Cold Drink,43,124,48
2025-05-12,Soap,18,178,76
2025-05-12,Oil,66,93,70
2025-05-12,Sugar,28,68,38
2025-05-12,Soap,34,99,137
2025-05-12,Juice,83,54,124
2025-05-12,Chips,35,166,24
2025-05-12,Wheat,10,78,59
2025-05-13,Coffee,72,72,78
2025-05-13,Toothpaste,20,139,139
2025-05-13,Juice,14,63,92
2025-05-13,Bread,74,187,102
2025-05-13,Coffee,38,49,31
2025-05-13,Bread,42,147,60
2025-05-13,Bread,86,168,133
2025-05-13,Chips,88,49,146
2025-05-13,Chips,83,137,113
2025-05-13,Eggs,71,50,12
2025-05-13,Toothpaste,61,88,44
2025-05-13,Bread,62,52,55
2025-05-13,Shampoo,94,197,77
2025-05-14,Sugar,84,26,11
2025-05-14,Sugar,92,157,140
2025-05-14,Butter,50,51,100
2025-05-14,Oil,47,85,139
2025-05-14,Dal,57,22,150
2025-05-14,Wheat,90,93,18
2025-05-14,Coffee,29,186,77
2025-05-14,Juice,34,179,51
2025-05-14,Sugar,37,200,78
2025-05-14,Rice,97,169,102
2025-05-15,Chips,85,20,68
2025-05-15,Oil,67,184,122
2025-05-15,Noodles,68,33,145
2025-05-15,Cold Drink,75,169,150
2025-05-15,Coffee,98,109,106
2025-05-15,Chips,15,153,58
2025-05-15,Shampoo,92,171,8
2025-05-15,Rice,100,66,54
2025-05-15,Oil,78,29,11
2025-05-15,Noodles,33,65,10
2025-05-16,Butter,37,108,147
2025-05-16,Chips,71,30,105
2025-05-16,Soap,53,102,35
2025-05-16,Chips,50,29,112
2025-05-16,Oil,16,161,32
2025-05-16,Toothpaste,10,171,128
2025-05-16,Rice,44,28,124
2025-05-16,Shampoo,49,132,116
2025-05-17,Chips,13,26,144
2025-05-17,Wheat,46,170,118
2025-05-17,Eggs,34,112,130
2025-05-17,Chips,49,75,120
2025-05-17,Tea,51,117,24
2025-05-17,Dal,50,71,117
2025-05-17,Shampoo,83,186,104
2025-05-17,Shampoo,50,23,10
2025-05-17,Salt,63,183,92
2025-05-17,Oil,25,180,16
2025-05-17,Soap,23,99,119
2025-05-17,Tea,33,97,82
2025-05-17,Bread,95,168,69
2025-05-17,Biscuits,87,106,35
2025-05-18,Bread,93,142,20
2025-05-18,Cold Drink,57,165,42
2025-05-18,Salt,17,125,14
2025-05-18,Eggs,88,42,96
2025-05-18,Bread,42,35,97
2025-05-18,Dal,28,46,120
2025-05-18,Juice,84,141,137
2025-05-18,Oil,68,77,133
2025-05-18,Juice,47,83,59
2025-05-18,Noodles,96,159,127
2025-05-18,Bread,47,81,97
2025-05-18,Bread,79,53,71
2025-05-18,Biscuits,77,149,144
2025-05-18,Bread,95,180,36
2025-05-18,Toothpaste,87,84,101
2025-05-19,Tea,75,27,16
2025-05-19,Salt,56,97,77
2025-05-19,Tea,82,49,47
2025-05-19,Detergent,90,192,71
2025-05-19,Cold Drink,54,183,32
2025-05-19,Soap,17,65,107
2025-05-19,Biscuits,87,148,118
2025-05-19,Dal,78,110,129
2025-05-19,Rice,81,184,72
2025-05-20,Soap,58,185,48
2025-05-20,Biscuits,28,141,70
2025-05-20,Shampoo,29,71,68
2025-05-20,Bread,56,136,146
2025-05-20,Detergent,83,108,10
2025-05-20,Chips,77,48,50
2025-05-20,Cold Drink,83,40,13
2025-05-20,Dal,86,122,94
2025-05-20,Juice,43,180,135
2025-05-20,Shampoo,40,30,118
2025-05-21,Noodles,10,106,120
2025-05-21,Eggs,58,73,29
2025-05-21,Tea,11,115,21
2025-05-21,Detergent,27,21,144
2025-05-21,Dal,25,105,10
2025-05-21,Rice,54,136,96
2025-05-21,Rice,81,112,11
2025-05-21,Salt,78,52,93
2025-05-21,Biscuits,45,187,116
2025-05-21,Shampoo,51,91,110
2025-05-21,Butter,14,75,124
2025-05-21,Eggs,70,149,100
2025-05-21,Tea,18,95,109
2025-05-21,Dal,62,173,89
2025-05-22,Juice,11,139,85
2025-05-22,Chips,47,149,81
2025-05-22,Sugar,10,154,123
2025-05-22,Sugar,99,46,61
2025-05-22,Soap,81,102,40
2025-05-22,Soap,60,143,109
2025-05-22,Soap,15,53,138
2025-05-22,Noodles,46,131,42
2025-05-22,Detergent,74,194,29
2025-05-23,Chips,30,129,115
2025-05-23,Rice,96,196,9
2025-05-23,Shampoo,37,150,150
2025-05-23,Chips,82,95,78
2025-05-23,Noodles,88,101,22
2025-05-23,Eggs,80,144,101
2025-05-23,Oil,94,36,30
2025-05-23,Butter,28,139,5
2025-05-23,Shampoo,74,110,97
2025-05-24,Chips,90,115,32
2025-05-24,Toothpaste,55,30,49
2025-05-24,Juice,54,192,103
2025-05-24,Noodles,26,28,119
2025-05-24,Juice,30,95,77
2025-05-24,Wheat,70,44,11
2025-05-24,Salt,53,46,61
2025-05-24,Cold Drink,84,82,87
2025-05-25,Juice,72,122,140
2025-05-25,Chips,90,150,149
2025-05-25,Salt,27,58,121
2025-05-25,Detergent,27,119,150
2025-05-25,Cold Drink,35,98,45
2025-05-25,Detergent,81,54,124
2025-05-25,Wheat,48,49,18
2025-05-25,Sugar,42,151,106
2025-05-25,Sugar,29,144,7
2025-05-25,Sugar,63,26,149
2025-05-25,Bread,27,141,117
2025-05-25,Shampoo,11,131,113
2025-05-25,Biscuits,46,172,126
2025-05-26,Butter,76,125,29
2025-05-26,Toothpaste,50,36,130
2025-05-26,Bread,59,68,53
2025-05-26,Juice,32,153,113
2025-05-26,Wheat,90,200,66
2025-05-26,Cold Drink,30,149,59
2025-05-26,Wheat,63,100,46
2025-05-26,Bread,45,86,84
2025-05-27,Detergent,76,116,100
2025-05-27,Chips,25,147,93
2025-05-27,Wheat,67,129,65
2025-05-27,Noodles,71,24,149
2025-05-27,Toothpaste,20,192,98
2025-05-27,Soap,77,74,118
2025-05-27,Tea,35,156,83
2025-05-27,Oil,24,180,116
2025-05-28,Rice,98,172,118
2025-05-28,Soap,37,148,19
2025-05-28,Dal,32,193,135
2025-05-28,Noodles,98,24,45
2025-05-28,Cold Drink,64,123,143
2025-05-28,Toothpaste,45,36,92
2025-05-28,Oil,15,133,133
2025-05-28,Noodles,13,163,21
2025-05-29,Rice,36,37,98
2025-05-29,Dal,71,114,11
2025-05-29,Shampoo,87,41,63
2025-05-29,Toothpaste,64,150,10
2025-05-29,Eggs,27,150,136
2025-05-29,Detergent,79,110,132
2025-05-29,Eggs,10,155,62
2025-05-29,Eggs,45,54,36
2025-05-29,Eggs,67,39,113
2025-05-29,Wheat,45,140,44
2025-05-30,Eggs,26,142,71
2025-05-30,Oil,81,95,90
2025-05-30,Soap,61,54,147
2025-05-30,Sugar,100,194,107
2025-05-30,Eggs,81,135,29
2025-05-30,Cold Drink,56,27,110
2025-05-30,Salt,37,88,121
2025-05-30,Butter,50,169,136
2025-05-30,Biscuits,89,180,44
2025-05-30,Toothpaste,37,171,142
2025-05-31,Coffee,86,46,140
2025-05-31,Biscuits,40,193,10
2025-05-31,Rice,75,91,105
2025-05-31,Rice,13,186,110
2025-05-31,Dal,27,54,85
2025-05-31,Oil,94,147,100
2025-05-31,Detergent,67,167,8
2025-05-31,Sugar,56,181,128
2025-05-31,Rice,90,104,15
2025-05-31,Biscuits,28,148,24
2025-05-31,Soap,81,43,144
2025-05-31,Cold Drink,24,177,6
2025-05-31,Rice,43,185,35
2025-05-31,Shampoo,97,41,51
2025-06-01,Tea,40,146,43
2025-06-01,Wheat,96,21,40
2025-06-01,Eggs,72,152,82
2025-06-01,Juice,21,153,9
2025-06-01,Detergent,22,104,139
2025-06-01,Biscuits,87,53,32
2025-06-01,Coffee,57,195,128
2025-06-01,Dal,39,137,55
2025-06-01,Juice,27,78,33
2025-06-01,Juice,31,122,23
2025-06-01,Oil,81,183,113
2025-06-01,Shampoo,15,157,113
2025-06-02,Eggs,97,101,142
2025-06-02,Oil,41,85,95
2025-06-02,Chips,30,189,89
2025-06-02,Oil,70,66,124
2025-06-02,Wheat,34,58,58
2025-06-02,Eggs,77,138,123
2025-06-02,Oil,81,135,5
2025-06-02,Biscuits,27,165,135
2025-06-02,Butter,71,142,55
2025-06-02,Soap,62,35,131
2025-06-03,Salt,85,110,20
2025-06-03,Juice,70,162,38
2025-06-03,Wheat,99,95,99
2025-06-03,Detergent,96,118,131
2025-06-03,Soap,89,177,15
2025-06-03,Chips,15,27,134
2025-06-03,Butter,48,108,101
2025-06-03,Shampoo,48,66,6
2025-06-03,Juice,95,62,42
2025-06-03,Butter,55,39,137
2025-06-03,Cold Drink,46,56,106
2025-06-03,Wheat,92,42,46
2025-06-03,Butter,90,98,141
2025-06-03,Chips,77,76,133
2025-06-03,Sugar,92,35,63
2025-06-04,Biscuits,15,103,134
2025-06-04,Soap,17,35,91
2025-06-04,Butter,73,189,37
2025-06-04,Soap,35,43,116
2025-06-04,Biscuits,24,111,42
2025-06-04,Oil,46,187,92
2025-06-04,Tea,18,46,134
2025-06-04,Cold Drink,86,175,61
2025-06-04,Bread,68,92,34
2025-06-04,Chips,62,50,137
2025-06-04,Biscuits,91,110,6
2025-06-04,Chips,54,177,101
2025-06-04,Detergent,52,139,131
2025-06-04,Dal,59,68,118
2025-06-04,Shampoo,38,149,46
2025-06-05,Salt,57,96,136
2025-06-05,Toothpaste,98,96,88
2025-06-05,Rice,88,181,19
2025-06-05,Eggs,28,101,76
2025-06-05,Sugar,74,77,5
2025-06-05,Salt,95,45,32
2025-06-05,Coffee,40,94,124
2025-06-05,Oil,34,158,13
2025-06-05,Butter,97,52,70
2025-06-05,Sugar,77,176,108
2025-06-06,Bread,41,56,16
2025-06-06,Dal,33,95,75
2025-06-06,Detergent,76,126,57
2025-06-06,Salt,68,199,115
2025-06-06,Coffee,88,32,93
2025-06-06,Bread,65,198,36
2025-06-06,Soap,66,145,73
2025-06-06,Cold Drink,84,37,125
2025-06-06,Eggs,51,39,65
2025-06-06,Chips,75,134,33
2025-06-06,Salt,15,82,102
2025-06-06,Wheat,74,150,139
2025-06-07,Coffee,81,40,71
2025-06-07,Sugar,48,109,115
2025-06-07,Rice,30,117,71
2025-06-07,Salt,46,136,85
2025-06-07,Bread,66,142,51
2025-06-07,Butter,32,189,91
2025-06-07,Sugar,29,198,143
2025-06-07,Cold Drink,23,55,108
2025-06-07,Sugar,33,188,66
2025-06-07,Biscuits,13,113,84
2025-06-07,Toothpaste,66,181,114
2025-06-07,Dal,42,54,47
2025-06-07,Salt,19,59,123
2025-06-08,Dal,63,137,29
2025-06-08,Rice,54,99,114
2025-06-08,Toothpaste,48,55,50
2025-06-08,Butter,95,172,120
2025-06-08,Cold Drink,15,76,55
2025-06-08,Sugar,73,89,95
2025-06-08,Oil,64,90,27
2025-06-08,Noodles,26,66,38
2025-06-09,Rice,39,66,139
2025-06-09,Bread,73,185,124
2025-06-09,Salt,31,24,68
2025-06-09,Soap,54,33,131
2025-06-09,Oil,91,132,50
2025-06-09,Bread,53,143,11
2025-06-09,Eggs,29,199,18
2025-06-09,Oil,46,87,115
2025-06-09,Noodles,16,142,116
2025-06-10,Shampoo,84,51,123
2025-06-10,Butter,24,140,103
2025-06-10,Eggs,39,40,85
2025-06-10,Tea,58,176,116
2025-06-10,Toothpaste,88,134,40
2025-06-10,Shampoo,15,23,137
2025-06-10,Tea,56,109,103
2025-06-10,Coffee,95,139,13
2025-06-10,Coffee,70,110,136
2025-06-11,Oil,89,115,41
2025-06-11,Sugar,78,109,60
2025-06-11,Bread,98,156,132
2025-06-11,Juice,43,128,94
2025-06-11,Salt,13,28,59
2025-06-11,Eggs,32,46,95
2025-06-11,Toothpaste,40,166,115
2025-06-11,Noodles,34,170,16
2025-06-11,Cold Drink,74,130,30
2025-06-12,Chips,12,159,54
2025-06-12,Shampoo,62,88,42
2025-06-12,Dal,20,110,143
2025-06-12,Tea,73,200,12
2025-06-12,Coffee,98,77,16
2025-06-12,Sugar,45,85,21
2025-06-12,Cold Drink,50,35,73
2025-06-12,Chips,26,142,140
2025-06-12,Toothpaste,61,183,94
2025-06-12,Sugar,27,38,124
2025-06-12,Biscuits,32,193,64
2025-06-12,Soap,86,29,117
2025-06-12,Shampoo,60,41,85
2025-06-12,Shampoo,84,191,111
2025-06-12,Soap,35,102,47
2025-06-13,Tea,50,110,137
2025-06-13,Chips,15,55,124
2025-06-13,Butter,38,45,143
2025-06-13,Wheat,19,109,130
2025-06-13,Dal,86,122,136
2025-06-13,Coffee,39,118,73
2025-06-13,Bread,73,42,149
2025-06-13,Rice,48,165,48
2025-06-13,Butter,50,186,99
2025-06-13,Toothpaste,19,127,49
2025-06-13,Cold Drink,30,21,46
2025-06-13,Noodles,16,73,67
2025-06-13,Detergent,90,175,21
2025-06-14,Soap,64,56,34
2025-06-14,Wheat,10,95,64
2025-06-14,Chips,82,154,33
2025-06-14,Wheat,92,81,139
2025-06-14,Butter,22,86,27
2025-06-14,Cold Drink,14,50,94
2025-06-14,Shampoo,64,72,20
2025-06-14,Wheat,84,151,85
2025-06-14,Salt,85,118,76
2025-06-14,Juice,48,114,61
2025-06-15,Cold Drink,97,162,89
2025-06-15,Shampoo,62,173,149
2025-06-15,Tea,52,128,30
2025-06-15,Eggs,23,126,69
2025-06-15,Chips,84,28,107
2025-06-15,Sugar,85,146,95
2025-06-15,Butter,69,59,147
2025-06-15,Sugar,29,192,114
2025-06-15,Coffee,53,127,104
2025-06-15,Soap,41,168,25
2025-06-15,Oil,84,63,22
2025-06-16,Shampoo,47,142,44
2025-06-16,Rice,51,50,75
2025-06-16,Bread,55,74,60
2025-06-16,Toothpaste,18,79,127
2025-06-16,Tea,98,181,113
2025-06-16,Biscuits,17,95,52
2025-06-16,Eggs,68,40,57
2025-06-16,Rice,67,56,90
2025-06-16,Soap,31,134,9
2025-06-17,Tea,67,81,108
2025-06-17,Sugar,26,130,67
2025-06-17,Chips,98,59,124
2025-06-17,Bread,87,40,63
2025-06-17,Dal,63,87,56
2025-06-17,Soap,26,64,128
2025-06-17,Detergent,41,178,17
2025-06-17,Coffee,83,26,34
2025-06-17,Butter,83,20,59
2025-06-17,Dal,10,140,138
2025-06-17,Wheat,33,45,28
2025-06-17,Dal,23,191,113
2025-06-18,Soap,45,136,112
2025-06-18,Dal,45,76,148
2025-06-18,Sugar,73,37,64
2025-06-18,Juice,13,31,101
2025-06-18,Toothpaste,81,107,70
2025-06-18,Tea,40,195,80
2025-06-18,Detergent,61,187,93
2025-06-18,Noodles,64,107,83
2025-06-18,Juice,83,79,105
2025-06-18,Toothpaste,67,137,97
2025-06-19,Dal,34,140,63
2025-06-19,Detergent,44,47,25
2025-06-19,Juice,62,35,5
2025-06-19,Juice,14,168,79
2025-06-19,Detergent,29,75,75
2025-06-19,Tea,59,31,76
2025-06-19,Detergent,76,168,37
2025-06-19,Sugar,21,198,36
2025-06-19,Sugar,49,86,32
2025-06-19,Soap,49,151,12
2025-06-19,Biscuits,14,22,119
2025-06-20,Noodles,67,184,57
2025-06-20,Shampoo,100,84,71
2025-06-20,Oil,23,125,47
2025-06-20,Oil,56,101,93
2025-06-20,Detergent,66,190,89
2025-06-20,Toothpaste,35,59,48
2025-06-20,Sugar,75,173,132
2025-06-20,Chips,81,132,142
2025-06-20,Rice,22,32,23
2025-06-21,Shampoo,62,131,106
2025-06-21,Cold Drink,60,97,9
2025-06-21,Bread,12,41,144
2025-06-21,Cold Drink,50,128,10
2025-06-21,Wheat,42,186,88
2025-06-21,Noodles,56,40,65
2025-06-21,Shampoo,19,197,52
2025-06-21,Biscuits,96,74,65
2025-06-21,Eggs,77,120,142
2025-06-21,Rice,49,104,50
2025-06-21,Detergent,88,158,131
2025-06-21,Tea,14,179,18
2025-06-21,Juice,19,25,142
2025-06-21,Salt,16,104,28
2025-06-22,Eggs,19,122,140
2025-06-22,Cold Drink,33,200,51
2025-06-22,Wheat,37,148,11
2025-06-22,Juice,67,155,9
2025-06-22,Salt,55,163,108
2025-06-22,Biscuits,12,62,97
2025-06-22,Wheat,34,156,137
2025-06-22,Oil,95,57,35
2025-06-22,Oil,32,198,114
2025-06-22,Eggs,60,86,122
2025-06-23,Toothpaste,96,91,40
2025-06-23,Butter,54,153,143
2025-06-23,Tea,87,149,107
2025-06-23,Cold Drink,44,52,55
2025-06-23,Biscuits,73,94,119
2025-06-23,Wheat,25,72,135
2025-06-23,Wheat,24,105,67
2025-06-23,Coffee,46,22,147
2025-06-23,Bread,40,75,103
2025-06-24,Wheat,53,89,124
2025-06-24,Soap,74,169,60
2025-06-24,Cold Drink,69,200,25
2025-06-24,Sugar,72,181,92
2025-06-24,Oil,32,157,22
2025-06-24,Salt,31,74,96
2025-06-24,Oil,95,50,47
2025-06-24,Oil,37,52,25
2025-06-24,Butter,24,32,45
2025-06-25,Chips,21,149,62
2025-06-25,Coffee,87,100,120
2025-06-25,Chips,53,111,39
2025-06-25,Butter,94,171,72
2025-06-25,Bread,26,20,140
2025-06-25,Eggs,27,139,86
2025-06-25,Sugar,55,70,146
2025-06-25,Biscuits,82,59,62
2025-06-25,Eggs,100,160,72
2025-06-25,Juice,85,71,55
2025-06-25,Tea,77,36,48
2025-06-25,Detergent,39,27,56
2025-06-25,Toothpaste,68,95,70
2025-06-26,Salt,73,107,88
2025-06-26,Salt,72,104,96
2025-06-26,Detergent,50,141,12
2025-06-26,Butter,84,156,110
2025-06-26,Rice,36,45,43
2025-06-26,Soap,45,199,14
2025-06-26,Coffee,34,34,111
2025-06-26,Salt,91,185,13
2025-06-26,Eggs,93,65,143
2025-06-26,Soap,17,102,94
2025-06-26,Soap,19,192,58
2025-06-26,Bread,62,169,150
2025-06-26,Oil,78,127,142
2025-06-27,Dal,26,34,108
2025-06-27,Tea,20,101,32
2025-06-27,Toothpaste,70,36,79
2025-06-27,Biscuits,83,42,89
2025-06-27,Shampoo,13,181,22
2025-06-27,Noodles,51,192,52
2025-06-27,Salt,97,29,108
2025-06-27,Detergent,19,129,112
2025-06-27,Coffee,98,177,143
2025-06-27,Sugar,38,30,114
2025-06-28,Wheat,98,88,107
2025-06-28,Biscuits,76,70,50
2025-06-28,Butter,29,159,123
2025-06-28,Cold Drink,97,168,90
2025-06-28,Sugar,85,56,42
2025-06-28,Shampoo,78,63,130
2025-06-28,Dal,59,93,89
2025-06-28,Bread,66,26,30
2025-06-28,Detergent,34,198,15
2025-06-29,Juice,33,187,10
2025-06-29,Biscuits,32,117,137
2025-06-29,Oil,69,37,65
2025-06-29,Toothpaste,63,77,76
2025-06-29,Oil,72,146,17
2025-06-29,Coffee,13,81,40
2025-06-29,Noodles,79,194,44
2025-06-29,Biscuits,55,196,121
2025-06-29,Butter,49,170,119
2025-06-29,Soap,27,136,58
2025-06-29,Chips,12,27,32
2025-06-30,Dal,67,23,106
2025-06-30,Noodles,86,122,68
2025-06-30,Dal,11,32,99
2025-06-30,Rice,100,88,14
2025-06-30,Soap,46,71,101
2025-06-30,Biscuits,80,70,74
2025-06-30,Cold Drink,24,80,81
2025-06-30,Sugar,50,194,24
2025-06-30,Rice,90,57,63
2025-06-30,Shampoo,71,65,35
2025-06-30,Eggs,18,87,147
2025-06-30,Salt,58,123,144
2025-06-30,Soap,31,106,56
2025-06-30,Sugar,28,133,29
2025-07-01,Eggs,94,63,144
2025-07-01,Wheat,36,109,24
2025-07-01,Oil,44,121,80
2025-07-01,Chips,73,166,93
2025-07-01,Cold Drink,75,80,36
2025-07-01,Soap,83,22,146
2025-07-01,Sugar,31,167,80
2025-07-01,Cold Drink,79,184,150
2025-07-01,Cold Drink,10,128,123
2025-07-01,Toothpaste,14,111,36
2025-07-01,Juice,21,197,62
2025-07-01,Sugar,60,26,37
2025-07-01,Eggs,13,198,77
2025-07-01,Cold Drink,69,151,38
2025-07-01,Soap,71,141,125
2025-07-02,Chips,70,122,147
2025-07-02,Toothpaste,99,114,12
2025-07-02,Noodles,45,165,114
2025-07-02,Chips,96,29,41
2025-07-02,Juice,42,143,122
2025-07-02,Sugar,81,63,129
2025-07-02,Toothpaste,58,132,117
2025-07-02,Oil,78,49,78
2025-07-02,Noodles,84,126,134
2025-07-02,Butter,64,108,76
2025-07-02,Detergent,76,164,8
2025-07-02,Juice,40,142,58
2025-07-02,Shampoo,36,33,54
2025-07-02,Eggs,48,195,139
2025-07-03,Eggs,95,181,26
2025-07-03,Dal,68,52,140
2025-07-03,Detergent,32,70,108
2025-07-03,Butter,22,172,27
2025-07-03,Juice,74,135,28
2025-07-03,Toothpaste,37,81,29
2025-07-03,Shampoo,24,113,77
2025-07-03,Soap,83,70,117
2025-07-04,Salt,34,27,110
2025-07-04,Wheat,32,134,51
2025-07-04,Rice,97,131,51
2025-07-04,Eggs,54,168,70
2025-07-04,Bread,93,196,91
2025-07-04,Bread,26,43,58
2025-07-04,Butter,36,142,83
2025-07-04,Rice,94,101,9
2025-07-04,Juice,55,27,15
2025-07-04,Cold Drink,35,110,142
2025-07-04,Soap,47,75,100
2025-07-05,Oil,49,91,43
2025-07-05,Butter,76,136,44
2025-07-05,Oil,44,68,18
2025-07-05,Bread,65,94,82
2025-07-05,Rice,30,82,132
2025-07-05,Oil,90,100,33
2025-07-05,Detergent,80,124,103
2025-07-05,Sugar,34,59,34
2025-07-06,Juice,75,97,10
2025-07-06,Shampoo,77,120,28
2025-07-06,Butter,69,142,127
2025-07-06,Biscuits,77,74,44
2025-07-06,Sugar,87,165,46
2025-07-06,Detergent,85,31,130
2025-07-06,Butter,55,196,149
2025-07-06,Juice,14,28,56
2025-07-06,Detergent,39,27,128
2025-07-06,Detergent,13,160,63
2025-07-06,Detergent,18,63,98
2025-07-06,Rice,49,111,71
2025-07-06,Wheat,18,119,109
2025-07-06,Eggs,22,175,40
2025-07-06,Oil,43,142,9
2025-07-07,Chips,59,189,113
2025-07-07,Sugar,31,108,57
2025-07-07,Salt,93,66,75
2025-07-07,Detergent,90,61,65
2025-07-07,Eggs,54,175,36
2025-07-07,Coffee,34,92,89
2025-07-07,Juice,74,84,54
2025-07-07,Wheat,84,126,20
2025-07-08,Rice,27,90,71
2025-07-08,Rice,25,88,34
2025-07-08,Detergent,33,172,143
2025-07-08,Juice,39,138,124
2025-07-08,Biscuits,70,108,15
2025-07-08,Toothpaste,34,121,21
2025-07-08,Tea,69,72,135
2025-07-08,Bread,87,179,102
2025-07-08,Shampoo,72,167,66
2025-07-08,Cold Drink,79,187,150
2025-07-08,Cold Drink,83,66,54
2025-07-08,Coffee,59,160,104
2025-07-08,Butter,94,172,63
2025-07-09,Dal,93,134,94
2025-07-09,Soap,19,134,63
2025-07-09,Sugar,75,131,104
2025-07-09,Shampoo,62,59,99
2025-07-09,Rice,66,121,20
2025-07-09,Toothpaste,96,45,112
2025-07-09,Biscuits,93,86,54
2025-07-09,Noodles,69,117,30
2025-07-09,Dal,77,134,86
2025-07-09,Soap,47,153,134
2025-07-09,Coffee,100,180,95
2025-07-09,Oil,64,78,21
2025-07-09,Eggs,86,70,34
2025-07-09,Biscuits,74,106,139
2025-07-10,Soap,91,162,93
2025-07-10,Bread,78,188,30
2025-07-10,Coffee,58,44,54
2025-07-10,Salt,20,116,6
2025-07-10,Sugar,89,153,148
2025-07-10,Salt,47,193,7
2025-07-10,Wheat,58,161,82
2025-07-10,Salt,15,143,77
2025-07-10,Dal,85,189,34
2025-07-10,Shampoo,46,111,130
2025-07-10,Rice,42,52,45
2025-07-10,Oil,83,30,17
2025-07-10,Biscuits,34,92,32
2025-07-11,Noodles,98,148,19
2025-07-11,Soap,81,24,66
2025-07-11,Bread,27,94,21
2025-07-11,Cold Drink,52,174,114
2025-07-11,Salt,51,162,56
2025-07-11,Sugar,86,124,147
2025-07-11,Cold Drink,23,177,96
2025-07-11,Detergent,93,124,21
2025-07-11,Dal,96,145,59
2025-07-11,Noodles,24,78,6
2025-07-11,Eggs,40,25,29
2025-07-12,Butter,60,68,104
2025-07-12,Bread,25,129,72
2025-07-12,Shampoo,50,120,10
2025-07-12,Tea,53,61,69
2025-07-12,Biscuits,43,176,69
2025-07-12,Butter,11,113,59
2025-07-12,Coffee,52,173,47
2025-07-12,Coffee,43,92,56
2025-07-12,Butter,60,50,87
2025-07-12,Oil,97,44,50
2025-07-12,Sugar,58,79,15
2025-07-12,Dal,71,63,136
2025-07-12,Salt,64,53,18
2025-07-13,Tea,57,160,114
2025-07-13,Coffee,21,27,15
2025-07-13,Noodles,77,122,137
2025-07-13,Eggs,79,84,17
2025-07-13,Rice,62,32,36
2025-07-13,Chips,11,140,16
2025-07-13,Soap,45,169,6
2025-07-13,Sugar,86,85,86
2025-07-13,Biscuits,32,128,7
2025-07-13,Chips,85,22,101
2025-07-13,Oil,66,173,119
2025-07-14,Dal,25,130,134
2025-07-14,Sugar,57,101,94
2025-07-14,Wheat,20,147,55
2025-07-14,Oil,22,49,8
2025-07-14,Shampoo,78,131,146
2025-07-14,Detergent,82,193,128
2025-07-14,Butter,45,191,21
2025-07-14,Salt,53,99,136
2025-07-14,Wheat,56,184,142
2025-07-14,Bread,45,103,19
2025-07-14,Cold Drink,98,113,141
2025-07-14,Noodles,86,181,10
2025-07-14,Rice,75,24,121
2025-07-14,Dal,71,54,26
2025-07-15,Shampoo,40,200,22
2025-07-15,Soap,34,144,56
2025-07-15,Butter,62,189,7
2025-07-15,Eggs,64,41,140
2025-07-15,Wheat,17,158,5
2025-07-15,Eggs,78,176,136
2025-07-15,Salt,80,166,136
2025-07-15,Cold Drink,62,147,50
2025-07-15,Salt,32,121,99
2025-07-15,Biscuits,62,148,72
2025-07-15,Coffee,79,52,35
2025-07-15,Salt,10,38,84
2025-07-15,Biscuits,70,76,52
2025-07-15,Rice,97,195,138
2025-07-16,Tea,66,35,86
2025-07-16,Sugar,57,56,35
2025-07-16,Soap,51,51,96
2025-07-16,Rice,68,66,51
2025-07-16,Bread,97,68,8
2025-07-16,Dal,85,194,40
2025-07-16,Toothpaste,11,42,36
2025-07-16,Salt,42,183,63
2025-07-17,Biscuits,60,189,9
2025-07-17,Detergent,100,118,129
2025-07-17,Bread,80,69,120
2025-07-17,Rice,56,91,133
2025-07-17,Soap,23,92,9
2025-07-17,Dal,77,157,135
2025-07-17,Biscuits,59,179,86
2025-07-17,Coffee,90,93,49
2025-07-17,Eggs,78,41,122
2025-07-17,Sugar,16,199,132
2025-07-17,Sugar,72,51,41
2025-07-17,Sugar,73,150,82
2025-07-17,Salt,91,34,79
2025-07-17,Detergent,77,54,121
2025-07-18,Shampoo,41,189,106
2025-07-18,Eggs,75,173,33
2025-07-18,Salt,100,100,47
2025-07-18,Rice,69,175,75
2025-07-18,Coffee,93,109,106
2025-07-18,Cold Drink,55,70,22
2025-07-18,Cold Drink,32,154,73
2025-07-18,Biscuits,59,166,74
2025-07-18,Noodles,87,104,39
2025-07-18,Toothpaste,67,85,136
2025-07-18,Dal,56,83,50
2025-07-18,Noodles,34,50,115
2025-07-18,Wheat,14,129,73
2025-07-18,Wheat,68,113,5
2025-07-18,Tea,86,47,90
2025-07-19,Detergent,39,46,99
2025-07-19,Soap,91,186,109
2025-07-19,Noodles,87,200,57
2025-07-19,Sugar,81,21,43
2025-07-19,Sugar,83,47,81
2025-07-19,Soap,47,199,70
2025-07-19,Chips,15,114,14
2025-07-19,Shampoo,60,152,76
2025-07-19,Chips,85,62,34
2025-07-19,Eggs,30,113,108
2025-07-19,Butter,74,197,141
2025-07-19,Bread,67,105,16
2025-07-19,Rice,14,54,66
2025-07-20,Bread,63,100,35
2025-07-20,Bread,64,80,45
2025-07-20,Chips,23,124,110
2025-07-20,Butter,30,22,144
2025-07-20,Butter,76,180,74
2025-07-20,Salt,65,103,113
2025-07-20,Rice,19,71,44
2025-07-20,Rice,88,83,91
2025-07-20,Bread,10,167,120
2025-07-20,Detergent,29,32,99
2025-07-20,Bread,44,112,9
2025-07-20,Detergent,80,129,90
2025-07-20,Chips,82,52,118
2025-07-20,Oil,47,122,55
2025-07-21,Soap,69,130,63
2025-07-21,Chips,92,39,114
2025-07-21,Detergent,33,35,34
2025-07-21,Eggs,71,139,19
2025-07-21,Eggs,16,142,108
2025-07-21,Cold Drink,36,144,118
2025-07-21,Shampoo,64,62,87
2025-07-21,Salt,16,190,109
2025-07-21,Noodles,97,32,144
2025-07-22,Biscuits,100,186,76
2025-07-22,Rice,75,179,138
2025-07-22,Dal,95,144,28
2025-07-22,Shampoo,45,23,35
2025-07-22,Eggs,10,86,75
2025-07-22,Butter,22,159,33
2025-07-22,Shampoo,94,165,145
2025-07-22,Oil,11,145,85
2025-07-22,Cold Drink,55,62,54
2025-07-22,Chips,60,142,136
2025-07-22,Dal,98,108,33
2025-07-22,Chips,23,181,46
2025-07-22,Noodles,77,78,20
2025-07-22,Toothpaste,16,186,26
2025-07-23,Juice,50,104,82
2025-07-23,Toothpaste,55,148,47
2025-07-23,Detergent,59,100,34
2025-07-23,Toothpaste,97,23,39
2025-07-23,Cold Drink,79,20,43
2025-07-23,Noodles,97,169,30
2025-07-23,Cold Drink,36,35,68
2025-07-23,Eggs,71,51,93
2025-07-23,Soap,99,58,26
2025-07-23,Noodles,20,194,28
2025-07-23,Bread,76,190,49
2025-07-23,Dal,14,78,143
2025-07-23,Toothpaste,58,88,148
2025-07-24,Biscuits,81,53,81
2025-07-24,Sugar,43,146,36
2025-07-24,Juice,31,146,57
2025-07-24,Coffee,60,24,13
2025-07-24,Tea,97,128,80
2025-07-24,Toothpaste,35,163,82
2025-07-24,Shampoo,40,39,144
2025-07-24,Detergent,23,30,12
2025-07-24,Bread,67,147,86
2025-07-24,Cold Drink,73,25,13
2025-07-25,Cold Drink,28,166,72
2025-07-25,Cold Drink,12,167,73
2025-07-25,Wheat,11,58,55
2025-07-25,Rice,52,84,32
2025-07-25,Shampoo,89,53,120
2025-07-25,Rice,94,111,140
2025-07-25,Eggs,44,47,48
2025-07-25,Soap,20,22,86
2025-07-25,Wheat,37,54,117
2025-07-25,Rice,50,77,41
2025-07-25,Soap,31,157,99
2025-07-25,Wheat,45,104,112
2025-07-25,Bread,98,57,122
2025-07-25,Detergent,47,38,118
2025-07-25,Oil,22,47,74
2025-07-26,Butter,50,128,63
2025-07-26,Tea,57,37,26
2025-07-26,Sugar,42,81,64
2025-07-26,Soap,44,32,101
2025-07-26,Chips,40,178,95
2025-07-26,Juice,54,145,88
2025-07-26,Noodles,68,82,71
2025-07-26,Toothpaste,24,144,19
2025-07-26,Chips,49,175,59
2025-07-26,Shampoo,43,179,71
2025-07-26,Juice,42,191,83
2025-07-26,Biscuits,23,78,82
2025-07-26,Tea,31,117,91
2025-07-26,Eggs,60,102,38
2025-07-27,Cold Drink,47,109,75
2025-07-27,Oil,34,200,139
2025-07-27,Wheat,34,39,136
2025-07-27,Oil,83,142,57
2025-07-27,Wheat,93,181,141
2025-07-27,Noodles,60,28,17
2025-07-27,Coffee,73,131,19
2025-07-27,Biscuits,84,123,43
2025-07-27,Cold Drink,42,166,110
2025-07-27,Tea,28,66,65
2025-07-27,Detergent,100,89,73
2025-07-27,Oil,67,58,46
2025-07-27,Bread,73,132,12
2025-07-28,Dal,48,156,107
2025-07-28,Salt,18,109,41
2025-07-28,Bread,79,168,42
2025-07-28,Toothpaste,95,101,47
2025-07-28,Toothpaste,76,92,86
2025-07-28,Oil,69,117,75
2025-07-28,Rice,16,144,95
2025-07-28,Oil,61,69,33
2025-07-28,Butter,42,164,26
2025-07-28,Sugar,21,23,22
2025-07-28,Rice,81,191,135
2025-07-28,Butter,10,159,54
2025-07-29,Detergent,30,195,42
2025-07-29,Butter,72,196,133
2025-07-29,Rice,93,158,94
2025-07-29,Rice,31,185,138
2025-07-29,Coffee,59,75,41
2025-07-29,Coffee,42,32,23
2025-07-29,Sugar,27,135,43
2025-07-29,Tea,45,111,98
2025-07-29,Dal,93,177,89
2025-07-30,Rice,54,128,10
2025-07-30,Eggs,78,46,62
2025-07-30,Tea,92,65,116
2025-07-30,Butter,29,194,48
2025-07-30,Soap,67,80,38
2025-07-30,Soap,13,99,25
2025-07-30,Dal,91,90,120
2025-07-30,Bread,54,25,148
2025-07-30,Eggs,43,64,92
2025-07-30,Biscuits,87,104,56
2025-07-30,Wheat,29,110,31
2025-07-30,Detergent,39,105,44
2025-07-30,Noodles,97,142,80
2025-07-30,Rice,81,94,83
2025-07-30,Noodles,32,31,118
2025-07-31,Butter,89,43,18
2025-07-31,Butter,16,26,17
2025-07-31,Bread,55,190,86
2025-07-31,Bread,15,86,55
2025-07-31,Wheat,52,96,116
2025-07-31,Juice,61,122,48
2025-07-31,Bread,20,62,9
2025-07-31,Juice,46,132,139
2025-07-31,Salt,99,21,106
2025-07-31,Detergent,59,138,77
2025-07-31,Cold Drink,34,146,107
2025-07-31,Salt,70,25,32
2025-08-01,Oil,41,21,117
2025-08-01,Biscuits,70,164,23
2025-08-01,Wheat,25,138,40
2025-08-01,Oil,87,111,51
2025-08-01,Rice,54,35,10
2025-08-01,Sugar,11,137,88
2025-08-01,Tea,18,29,111
2025-08-01,Rice,10,139,100
2025-08-01,Cold Drink,11,123,72
2025-08-01,Oil,19,46,98
2025-08-01,Sugar,69,54,51
2025-08-01,Butter,47,162,142
2025-08-01,Cold Drink,16,54,130
2025-08-01,Bread,75,143,84
2025-08-01,Sugar,63,111,21
2025-08-02,Wheat,51,153,26
2025-08-02,Sugar,33,174,61
2025-08-02,Chips,76,187,78
2025-08-02,Biscuits,33,186,106
2025-08-02,Eggs,94,193,92
2025-08-02,Detergent,41,36,126
2025-08-02,Coffee,76,64,134
2025-08-02,Sugar,97,63,132
2025-08-02,Tea,92,106,8
2025-08-02,Noodles,38,189,107
2025-08-02,Rice,66,67,26
2025-08-02,Eggs,34,82,43
2025-08-03,Rice,46,25,141
2025-08-03,Eggs,63,196,31
2025-08-03,Eggs,47,112,49
2025-08-03,Eggs,94,38,47
2025-08-03,Bread,29,38,69
2025-08-03,Noodles,49,150,12
2025-08-03,Sugar,81,152,53
2025-08-03,Biscuits,42,53,92
2025-08-03,Cold Drink,51,55,49
2025-08-03,Wheat,75,56,8
2025-08-03,Rice,58,192,58
2025-08-03,Eggs,20,122,40
2025-08-03,Tea,87,159,112
2025-08-03,Tea,65,176,118
2025-08-04,Wheat,26,176,17
2025-08-04,Coffee,63,159,25
2025-08-04,Shampoo,83,198,70
2025-08-04,Butter,95,166,99
2025-08-04,Dal,10,123,116
2025-08-04,Rice,41,63,70
2025-08-04,Chips,37,69,54
2025-08-04,Noodles,84,38,69
2025-08-04,Chips,45,24,47
2025-08-04,Salt,39,69,25
2025-08-04,Coffee,68,194,55
2025-08-04,Juice,27,98,65
2025-08-04,Biscuits,28,130,8
2025-08-04,Butter,80,133,105
2025-08-04,Soap,96,59,29
2025-08-05,Salt,20,115,90
2025-08-05,Chips,27,99,67
2025-08-05,Detergent,75,98,91
2025-08-05,Tea,58,67,106
2025-08-05,Juice,32,197,69
2025-08-05,Oil,85,32,31
2025-08-05,Oil,84,116,83
2025-08-05,Sugar,76,100,63
2025-08-05,Bread,58,182,34
2025-08-05,Juice,77,190,139
2025-08-05,Detergent,24,30,11
2025-08-06,Salt,91,37,7
2025-08-06,Sugar,48,42,65
2025-08-06,Toothpaste,54,103,79
2025-08-06,Shampoo,91,113,114
2025-08-06,Soap,13,96,31
2025-08-06,Eggs,71,113,133
2025-08-06,Biscuits,10,37,24
2025-08-06,Tea,78,97,87
2025-08-07,Eggs,54,107,106
2025-08-07,Biscuits,17,188,19
2025-08-07,Juice,22,84,78
2025-08-07,Tea,11,104,143
2025-08-07,Detergent,43,129,27
2025-08-07,Toothpaste,22,22,70
2025-08-07,Oil,92,136,89
2025-08-07,Butter,46,46,68
2025-08-07,Tea,33,52,88
2025-08-07,Salt,83,119,35
2025-08-07,Sugar,15,58,80
2025-08-07,Detergent,94,29,7
2025-08-08,Soap,19,61,147
2025-08-08,Shampoo,20,165,121
2025-08-08,Sugar,98,66,85
2025-08-08,Dal,81,186,135
2025-08-08,Soap,73,27,138
2025-08-08,Noodles,67,45,125
2025-08-08,Chips,26,192,75
2025-08-08,Soap,79,86,81
2025-08-08,Dal,90,31,64
2025-08-08,Shampoo,81,102,49
2025-08-08,Soap,91,187,102
2025-08-08,Shampoo,50,78,92
2025-08-09,Wheat,64,25,14
2025-08-09,Rice,95,58,137
2025-08-09,Eggs,31,145,22
2025-08-09,Bread,88,26,138
2025-08-09,Butter,51,43,18
2025-08-09,Dal,76,127,128
2025-08-09,Shampoo,24,156,68
2025-08-09,Rice,23,165,83
2025-08-09,Noodles,90,143,149
2025-08-09,Shampoo,18,129,21
2025-08-09,Shampoo,52,98,69
2025-08-10,Salt,94,47,91
2025-08-10,Rice,21,178,80
2025-08-10,Oil,46,168,124
2025-08-10,Salt,51,148,110
2025-08-10,Oil,58,52,16
2025-08-10,Salt,99,175,102
2025-08-10,Shampoo,100,189,58
2025-08-10,Cold Drink,90,44,16
2025-08-10,Juice,19,199,91
2025-08-10,Bread,17,191,120
2025-08-10,Rice,78,129,80
2025-08-11,Tea,99,129,98
2025-08-11,Eggs,16,143,98
2025-08-11,Tea,31,49,80
2025-08-11,Toothpaste,70,162,112
2025-08-11,Dal,53,96,146
2025-08-11,Juice,80,53,9
2025-08-11,Sugar,29,147,73
2025-08-11,Shampoo,43,173,40
2025-08-12,Biscuits,65,157,67
2025-08-12,Chips,61,91,88
2025-08-12,Biscuits,49,80,144
2025-08-12,Salt,58,51,122
2025-08-12,Detergent,94,72,137
2025-08-12,Wheat,15,148,72
2025-08-12,Shampoo,19,34,132
2025-08-12,Noodles,29,165,147
2025-08-13,Coffee,48,91,29
2025-08-13,Oil,41,176,116
2025-08-13,Coffee,22,51,126
2025-08-13,Shampoo,18,59,85
2025-08-13,Cold Drink,96,27,72
2025-08-13,Coffee,61,191,50
2025-08-13,Salt,73,104,17
2025-08-13,Butter,21,42,63
2025-08-13,Wheat,11,68,36
2025-08-14,Tea,66,86,74
2025-08-14,Tea,20,40,86
2025-08-14,Dal,50,183,85
2025-08-14,Coffee,83,76,97
2025-08-14,Chips,25,67,146
2025-08-14,Bread,17,187,100
2025-08-14,Biscuits,42,169,8
2025-08-14,Cold Drink,71,199,103
2025-08-14,Cold Drink,91,115,20
2025-08-14,Noodles,13,185,52
2025-08-14,Bread,14,190,113
2025-08-14,Butter,35,46,11
2025-08-14,Wheat,77,189,112
2025-08-15,Wheat,96,121,90
2025-08-15,Rice,99,65,5
2025-08-15,Salt,48,67,74
2025-08-15,Chips,82,31,60
2025-08-15,Noodles,18,118,40
2025-08-15,Soap,100,180,79
2025-08-15,Detergent,49,179,118
2025-08-15,Chips,80,168,46
2025-08-15,Salt,15,189,34
2025-08-15,Toothpaste,67,58,142
2025-08-16,Rice,13,82,134
2025-08-16,Rice,80,187,139
2025-08-16,Dal,41,170,97
2025-08-16,Bread,21,72,122
2025-08-16,Tea,42,183,124
2025-08-16,Bread,66,62,77
2025-08-16,Sugar,50,33,24
2025-08-16,Coffee,78,168,40
2025-08-16,Detergent,34,105,7
2025-08-16,Shampoo,52,99,28
2025-08-16,Eggs,38,63,148
2025-08-16,Salt,38,72,72
2025-08-16,Dal,75,189,35
2025-08-16,Tea,36,149,105
2025-08-17,Cold Drink,70,25,78
2025-08-17,Coffee,26,21,32
2025-08-17,Toothpaste,16,55,72
2025-08-17,Cold Drink,43,117,14
2025-08-17,Rice,94,140,83
2025-08-17,Biscuits,48,47,94
2025-08-17,Chips,91,200,54
2025-08-17,Coffee,79,194,7
2025-08-17,Wheat,99,73,94
2025-08-17,Eggs,91,196,92
2025-08-17,Cold Drink,65,59,123
2025-08-17,Butter,38,32,101
2025-08-17,Chips,22,142,103
2025-08-18,Sugar,44,200,57
2025-08-18,Tea,28,48,8
2025-08-18,Tea,53,50,126
2025-08-18,Dal,49,185,34
2025-08-18,Eggs,12,39,9
2025-08-18,Biscuits,65,42,147
2025-08-18,Coffee,11,197,150
2025-08-18,Shampoo,14,42,131
2025-08-18,Coffee,89,106,119
2025-08-18,Eggs,69,94,63
2025-08-19,Eggs,12,107,59
2025-08-19,Salt,53,21,68
2025-08-19,Chips,94,113,35
2025-08-19,Biscuits,10,46,37
2025-08-19,Soap,59,155,133
2025-08-19,Soap,98,157,53
2025-08-19,Chips,76,153,115
2025-08-19,Sugar,91,28,68
2025-08-19,Eggs,79,174,46
2025-08-19,Oil,39,144,28
2025-08-20,Tea,43,192,77
2025-08-20,Shampoo,81,54,105
2025-08-20,Eggs,66,83,88
2025-08-20,Noodles,46,110,114
2025-08-20,Salt,53,25,119
2025-08-20,Soap,41,65,88
2025-08-20,Coffee,57,140,9
2025-08-20,Biscuits,64,171,105
2025-08-20,Cold Drink,17,151,88
2025-08-20,Wheat,11,108,146
2025-08-20,Soap,44,97,94
2025-08-20,Cold Drink,32,137,37
2025-08-20,Coffee,20,153,59
2025-08-20,Eggs,79,61,6
2025-08-21,Rice,89,68,85
2025-08-21,Soap,57,87,93
2025-08-21,Bread,58,75,41
2025-08-21,Detergent,75,36,117
2025-08-21,Tea,72,24,105
2025-08-21,Eggs,22,86,8
2025-08-21,Juice,59,130,72
2025-08-21,Tea,40,142,141
2025-08-21,Butter,31,86,22
2025-08-21,Biscuits,76,165,100
2025-08-22,Oil,93,136,64
2025-08-22,Coffee,89,59,147
2025-08-22,Biscuits,10,105,52
2025-08-22,Toothpaste,29,155,47
2025-08-22,Biscuits,63,194,110
2025-08-22,Butter,85,63,149
2025-08-22,Detergent,62,97,147
2025-08-22,Rice,41,78,57
2025-08-22,Biscuits,26,195,8
2025-08-22,Cold Drink,67,116,57
2025-08-22,Rice,35,36,119
2025-08-22,Sugar,48,43,26
2025-08-22,Coffee,14,97,12
2025-08-22,Tea,54,139,78
2025-08-23,Toothpaste,17,135,14
2025-08-23,Eggs,58,63,69
2025-08-23,Coffee,79,105,88
2025-08-23,Juice,67,66,112
2025-08-23,Wheat,50,111,42
2025-08-23,Toothpaste,77,108,99
2025-08-23,Soap,10,161,72
2025-08-23,Salt,32,104,48
2025-08-23,Dal,31,148,84
2025-08-23,Biscuits,14,139,67
2025-08-23,Wheat,82,138,21
2025-08-23,Dal,18,68,108
2025-08-24,Butter,71,144,97
2025-08-24,Tea,37,70,94
2025-08-24,Coffee,35,112,21
2025-08-24,Tea,89,159,68
2025-08-24,Dal,29,73,127
2025-08-24,Eggs,20,162,91
2025-08-24,Salt,35,156,141
2025-08-24,Oil,48,195,106
2025-08-25,Cold Drink,85,113,56
2025-08-25,Coffee,55,199,34
2025-08-25,Detergent,18,31,44
2025-08-25,Cold Drink,11,29,136
2025-08-25,Rice,88,45,117
2025-08-25,Salt,85,55,77
2025-08-25,Sugar,32,31,49
2025-08-25,Detergent,84,118,110
2025-08-25,Butter,52,92,10
2025-08-25,Dal,86,148,134
2025-08-25,Eggs,91,164,117
2025-08-26,Shampoo,12,199,40
2025-08-26,Detergent,49,175,51
2025-08-26,Oil,64,88,44
2025-08-26,Shampoo,89,26,20
2025-08-26,Tea,77,103,91
2025-08-26,Coffee,26,118,64
2025-08-26,Wheat,31,171,20
2025-08-26,Dal,49,68,148
2025-08-26,Biscuits,99,169,69
2025-08-27,Eggs,59,76,67
2025-08-27,Butter,35,47,78
2025-08-27,Wheat,36,61,78
2025-08-27,Rice,14,25,29
2025-08-27,Noodles,72,162,131
2025-08-27,Detergent,74,106,8
2025-08-27,Dal,65,75,94
2025-08-27,Coffee,97,124,125
2025-08-27,Salt,52,92,7
2025-08-27,Salt,50,79,25
2025-08-28,Tea,91,99,47
2025-08-28,Dal,69,109,19
2025-08-28,Sugar,58,64,150
2025-08-28,Shampoo,11,139,85
2025-08-28,Salt,90,78,68
2025-08-28,Juice,59,152,145
2025-08-28,Bread,55,89,107
2025-08-28,Oil,47,47,35
2025-08-28,Juice,60,157,90
2025-08-28,Oil,52,31,29
2025-08-29,Dal,38,189,81
2025-08-29,Sugar,68,104,63
2025-08-29,Chips,55,165,128
2025-08-29,Eggs,69,67,62
2025-08-29,Butter,43,59,31
2025-08-29,Soap,12,56,100
2025-08-29,Detergent,71,63,133
2025-08-29,Detergent,51,94,41
2025-08-29,Salt,73,199,21
2025-08-29,Coffee,74,185,143
2025-08-29,Soap,92,96,41
2025-08-29,Biscuits,76,121,25
2025-08-29,Butter,83,96,110
2025-08-29,Detergent,48,180,97
2025-08-29,Detergent,53,184,42
2025-08-30,Toothpaste,96,47,6
2025-08-30,Soap,65,24,62
2025-08-30,Tea,49,124,95
2025-08-30,Biscuits,99,69,118
2025-08-30,Wheat,33,131,18
2025-08-30,Detergent,30,109,63
2025-08-30,Tea,31,153,75
2025-08-30,Oil,61,111,144
2025-08-30,Oil,90,69,135
2025-08-30,Salt,19,26,56
2025-08-30,Tea,85,122,68
2025-08-30,Detergent,80,60,99
2025-08-30,Salt,83,57,147
2025-08-31,Chips,13,64,108
2025-08-31,Salt,86,46,14
2025-08-31,Toothpaste,55,197,20
2025-08-31,Juice,51,85,63
2025-08-31,Sugar,10,192,75
2025-08-31,Coffee,30,102,89
2025-08-31,Biscuits,64,58,86
2025-08-31,Shampoo,100,86,82
2025-08-31,Salt,73,103,23
2025-08-31,Coffee,46,124,59
2025-08-31,Detergent,17,165,36
2025-09-01,Chips,25,149,45
2025-09-01,Butter,51,153,32
2025-09-01,Juice,16,147,98
2025-09-01,Tea,10,31,119
2025-09-01,Toothpaste,86,87,129
2025-09-01,Eggs,53,180,29
2025-09-01,Toothpaste,54,135,27
2025-09-01,Salt,86,27,90
2025-09-01,Coffee,40,165,32
2025-09-01,Noodles,40,43,13
2025-09-01,Rice,74,118,86
2025-09-01,Toothpaste,24,29,139
2025-09-01,Biscuits,62,105,61
2025-09-01,Biscuits,85,106,29
2025-09-01,Juice,48,69,72
2025-09-02,Soap,93,91,124
2025-09-02,Dal,36,152,148
2025-09-02,Dal,28,137,56
2025-09-02,Bread,44,126,44
2025-09-02,Dal,58,41,81
2025-09-02,Soap,36,96,90
2025-09-02,Chips,82,196,20
2025-09-02,Coffee,46,141,29
2025-09-03,Detergent,75,41,129
2025-09-03,Wheat,39,113,44
2025-09-03,Toothpaste,10,182,119
2025-09-03,Rice,44,184,134
2025-09-03,Butter,27,81,115
2025-09-03,Toothpaste,85,75,98
2025-09-03,Coffee,94,86,25
2025-09-03,Sugar,73,173,127
2025-09-03,Soap,59,182,25
2025-09-04,Dal,92,93,46
2025-09-04,Noodles,47,137,89
2025-09-04,Tea,15,191,26
2025-09-04,Tea,33,112,103
2025-09-04,Rice,60,34,115
2025-09-04,Oil,80,45,64
2025-09-04,Oil,40,102,40
2025-09-04,Soap,81,111,105
2025-09-04,Salt,14,177,103
2025-09-04,Eggs,49,98,134
2025-09-05,Bread,41,137,39
2025-09-05,Cold Drink,44,20,92
2025-09-05,Cold Drink,89,33,17
2025-09-05,Detergent,22,90,43
2025-09-05,Tea,61,22,127
2025-09-05,Shampoo,45,23,132
2025-09-05,Chips,26,59,34
2025-09-05,Soap,22,142,33
2025-09-05,Cold Drink,66,162,63
2025-09-05,Coffee,57,184,36
2025-09-05,Toothpaste,52,199,131
2025-09-06,Rice,54,101,79
2025-09-06,Butter,45,74,37
2025-09-06,Butter,25,182,53
2025-09-06,Toothpaste,28,84,58
2025-09-06,Juice,18,99,77
2025-09-06,Coffee,96,52,31
2025-09-06,Wheat,20,134,80
2025-09-06,Cold Drink,64,157,80
2025-09-06,Bread,32,187,9
2025-09-06,Sugar,99,136,15
2025-09-07,Shampoo,48,142,85
2025-09-07,Sugar,27,191,121
2025-09-07,Coffee,81,111,71
2025-09-07,Soap,86,100,118
2025-09-07,Juice,95,62,64
2025-09-07,Oil,72,124,118
2025-09-07,Eggs,62,95,49
2025-09-07,Shampoo,90,112,79
2025-09-07,Sugar,21,45,80
2025-09-07,Eggs,16,139,134
2025-09-07,Detergent,48,74,7
2025-09-07,Bread,72,135,59
2025-09-07,Salt,80,63,33
2025-09-08,Dal,73,20,149
2025-09-08,Detergent,40,23,15
2025-09-08,Toothpaste,61,149,116
2025-09-08,Sugar,31,133,63
2025-09-08,Bread,56,143,17
2025-09-08,Shampoo,14,96,112
2025-09-08,Butter,43,52,124
2025-09-08,Toothpaste,72,157,21
2025-09-08,Dal,23,55,25
2025-09-08,Cold Drink,27,90,121
2025-09-08,Chips,53,187,85
2025-09-08,Tea,24,87,6
2025-09-08,Eggs,40,88,23
2025-09-09,Toothpaste,52,92,26
2025-09-09,Chips,21,151,33
2025-09-09,Sugar,63,119,9
2025-09-09,Butter,27,168,133
2025-09-09,Coffee,10,66,143
2025-09-09,Sugar,64,156,71
2025-09-09,Rice,74,126,96
2025-09-09,Oil,67,109,50
2025-09-09,Eggs,58,121,106
2025-09-09,Shampoo,13,100,23
2025-09-09,Chips,73,100,81
2025-09-09,Coffee,44,92,99
2025-09-10,Butter,12,60,19
2025-09-10,Soap,78,185,45
2025-09-10,Tea,88,140,28
2025-09-10,Cold Drink,59,128,119
2025-09-10,Butter,84,135,141
2025-09-10,Detergent,15,189,25
2025-09-10,Toothpaste,15,176,91
2025-09-10,Butter,78,117,130
2025-09-10,Eggs,57,130,13
2025-09-11,Soap,79,164,109
2025-09-11,Eggs,77,77,32
2025-09-11,Cold Drink,94,88,104
2025-09-11,Cold Drink,77,191,21
2025-09-11,Wheat,93,123,51
2025-09-11,Coffee,25,117,25
2025-09-11,Dal,28,114,51
2025-09-11,Oil,12,199,123
2025-09-11,Oil,14,152,105
2025-09-11,Toothpaste,53,127,5
2025-09-12,Dal,32,152,63
2025-09-12,Coffee,63,188,13
2025-09-12,Oil,39,112,127
2025-09-12,Sugar,33,154,68
2025-09-12,Shampoo,52,54,23
2025-09-12,Coffee,36,140,29
2025-09-12,Salt,91,85,51
2025-09-12,Chips,22,58,70
2025-09-12,Coffee,45,119,133
2025-09-13,Tea,24,31,97
2025-09-13,Juice,89,26,23
2025-09-13,Salt,69,94,66
2025-09-13,Salt,62,98,10
2025-09-13,Coffee,40,80,137
2025-09-13,Cold Drink,83,21,142
2025-09-13,Dal,37,150,93
2025-09-13,Wheat,38,69,131
2025-09-14,Bread,82,128,139
2025-09-14,Shampoo,99,97,117
2025-09-14,Tea,38,73,93
2025-09-14,Soap,34,176,34
2025-09-14,Salt,17,73,143
2025-09-14,Juice,49,86,36
2025-09-14,Butter,12,110,124
2025-09-14,Tea,68,141,27
2025-09-15,Toothpaste,22,67,28
2025-09-15,Juice,86,69,122
2025-09-15,Detergent,52,103,88
2025-09-15,Oil,78,68,102
2025-09-15,Bread,31,172,99
2025-09-15,Soap,15,106,132
2025-09-15,Soap,40,29,101
2025-09-15,Butter,45,152,67
2025-09-15,Oil,88,68,85
2025-09-15,Eggs,81,98,23
2025-09-15,Shampoo,18,127,36
2025-09-15,Eggs,94,147,94
2025-09-15,Tea,42,96,67
2025-09-15,Oil,25,159,73
2025-09-15,Dal,48,167,63
2025-09-16,Butter,63,82,89
2025-09-16,Biscuits,34,94,85
2025-09-16,Chips,50,183,74
2025-09-16,Sugar,79,131,68
2025-09-16,Shampoo,57,191,35
2025-09-16,Tea,46,113,38
2025-09-16,Chips,14,110,114
2025-09-16,Soap,88,78,91
2025-09-16,Dal,41,46,70
2025-09-16,Shampoo,85,81,132
2025-09-17,Dal,82,71,137
2025-09-17,Detergent,82,185,80
2025-09-17,Soap,99,81,79
2025-09-17,Eggs,50,76,96
2025-09-17,Chips,100,102,109
2025-09-17,Wheat,18,61,142
2025-09-17,Juice,76,147,27
2025-09-17,Biscuits,12,57,137
2025-09-18,Soap,14,144,48
2025-09-18,Noodles,22,109,103
2025-09-18,Shampoo,30,128,56
2025-09-18,Soap,24,36,20
2025-09-18,Eggs,66,88,24
2025-09-18,Coffee,84,119,149
2025-09-18,Coffee,92,139,26
2025-09-18,Toothpaste,74,186,99
2025-09-18,Sugar,37,83,19
2025-09-18,Detergent,53,158,60
2025-09-18,Bread,24,48,51
2025-09-18,Coffee,96,121,36
2025-09-18,Butter,11,178,15
2025-09-18,Butter,75,176,70
2025-09-19,Salt,38,68,122
2025-09-19,Shampoo,59,137,20
2025-09-19,Sugar,96,51,91
2025-09-19,Noodles,97,185,12
2025-09-19,Dal,92,130,44
2025-09-19,Eggs,19,119,92
2025-09-19,Soap,61,138,89
2025-09-19,Rice,28,108,17
2025-09-19,Rice,21,126,126
2025-09-19,Dal,19,119,22
2025-09-20,Soap,33,116,145
2025-09-20,Salt,76,147,141
2025-09-20,Juice,18,69,108
2025-09-20,Rice,32,147,48
2025-09-20,Wheat,68,104,65
2025-09-20,Tea,20,44,99
2025-09-20,Eggs,26,158,120
2025-09-20,Juice,39,135,10
2025-09-20,Cold Drink,46,66,25
2025-09-20,Shampoo,31,154,90
2025-09-20,Soap,93,110,80
2025-09-20,Shampoo,25,67,45
2025-09-20,Biscuits,12,82,26
2025-09-20,Bread,53,174,100
2025-09-21,Eggs,87,142,14
2025-09-21,Oil,14,196,116
2025-09-21,Chips,75,84,147
2025-09-21,Rice,86,148,84
2025-09-21,Cold Drink,39,77,27
2025-09-21,Sugar,64,164,9
2025-09-21,Wheat,87,54,73
2025-09-21,Soap,87,167,78
2025-09-21,Oil,24,144,150
2025-09-21,Toothpaste,13,157,48
2025-09-21,Butter,40,196,41
2025-09-21,Toothpaste,59,189,10
2025-09-21,Chips,76,93,44
2025-09-22,Eggs,45,186,62
2025-09-22,Oil,71,115,16
2025-09-22,Tea,13,99,86
2025-09-22,Shampoo,78,127,44
2025-09-22,Chips,71,65,55
2025-09-22,Bread,48,77,88
2025-09-22,Noodles,18,132,28
2025-09-22,Cold Drink,55,26,5
2025-09-22,Sugar,80,100,51
2025-09-22,Bread,27,118,82
2025-09-22,Shampoo,25,76,7
2025-09-22,Shampoo,84,113,44
2025-09-22,Coffee,56,195,57
2025-09-22,Butter,51,88,13
2025-09-22,Cold Drink,23,23,44
2025-09-23,Sugar,90,199,12
2025-09-23,Eggs,77,99,124
2025-09-23,Tea,74,32,15
2025-09-23,Juice,48,151,68
2025-09-23,Soap,56,138,63
2025-09-23,Shampoo,54,88,73
2025-09-23,Cold Drink,41,173,55
2025-09-23,Butter,52,133,7
2025-09-23,Rice,22,55,88
2025-09-23,Eggs,51,89,19
2025-09-23,Dal,55,121,25
2025-09-23,Wheat,87,73,149
2025-09-23,Chips,15,192,16
2025-09-24,Cold Drink,68,181,14
2025-09-24,Chips,45,160,13
2025-09-24,Dal,55,111,101
2025-09-24,Tea,76,39,14
2025-09-24,Coffee,73,77,143
2025-09-24,Coffee,25,121,87
2025-09-24,Oil,21,92,104
2025-09-24,Rice,80,112,32
2025-09-24,Noodles,19,98,95
2025-09-24,Oil,18,200,122
2025-09-24,Butter,74,82,116
2025-09-24,Shampoo,44,178,77
2025-09-25,Shampoo,80,45,33
2025-09-25,Oil,73,173,48
2025-09-25,Detergent,92,115,28
2025-09-25,Shampoo,47,183,132
2025-09-25,Wheat,76,165,54
2025-09-25,Chips,67,87,149
2025-09-25,Juice,70,107,67
2025-09-25,Eggs,22,55,5
2025-09-25,Tea,73,192,39
2025-09-25,Dal,31,114,96
2025-09-25,Noodles,89,182,81
2025-09-25,Toothpaste,63,53,52
2025-09-25,Shampoo,46,54,39
2025-09-26,Coffee,41,91,136
2025-09-26,Dal,18,43,148
2025-09-26,Juice,93,200,53
2025-09-26,Toothpaste,12,27,80
2025-09-26,Eggs,18,55,65
2025-09-26,Shampoo,39,139,87
2025-09-26,Shampoo,41,130,14
2025-09-26,Noodles,41,57,63
2025-09-26,Soap,28,112,113
2025-09-26,Noodles,95,103,100
2025-09-26,Toothpaste,58,71,123
2025-09-26,Butter,39,164,21
2025-09-26,Toothpaste,99,89,46
2025-09-26,Juice,73,44,109
2025-09-26,Shampoo,13,43,57
2025-09-27,Toothpaste,16,79,21
2025-09-27,Oil,76,177,8
2025-09-27,Oil,12,189,51
2025-09-27,Juice,73,40,20
2025-09-27,Tea,91,53,150
2025-09-27,Noodles,21,164,49
2025-09-27,Salt,83,41,95
2025-09-27,Rice,79,137,91
2025-09-27,Juice,19,71,125
2025-09-27,Noodles,35,102,85
2025-09-27,Wheat,35,40,69
2025-09-27,Dal,24,33,17
2025-09-27,Detergent,51,62,44
2025-09-27,Soap,79,72,5
2025-09-27,Oil,63,61,80
2025-09-28,Salt,93,51,24
2025-09-28,Detergent,64,33,136
2025-09-28,Rice,53,163,124
2025-09-28,Rice,92,32,128
2025-09-28,Biscuits,68,38,144
2025-09-28,Eggs,90,63,77
2025-09-28,Sugar,50,133,109
2025-09-28,Detergent,86,84,147
2025-09-28,Chips,39,161,72
2025-09-28,Salt,25,164,150
2025-09-29,Bread,75,58,104
2025-09-29,Tea,57,123,109
2025-09-29,Biscuits,86,174,78
2025-09-29,Noodles,89,76,17
2025-09-29,Rice,67,151,90
2025-09-29,Rice,44,104,19
2025-09-29,Juice,59,135,9
2025-09-29,Sugar,24,163,120
2025-09-29,Eggs,38,96,31
2025-09-29,Toothpaste,66,182,10
2025-09-29,Sugar,44,176,110
2025-09-29,Chips,46,165,103
2025-09-29,Salt,39,21,114
2025-09-29,Sugar,88,66,59
2025-09-29,Sugar,30,25,115
2025-09-30,Sugar,56,173,126
2025-09-30,Chips,78,106,100
2025-09-30,Butter,12,158,113
2025-09-30,Eggs,58,32,136
2025-09-30,Tea,56,135,115
2025-09-30,Bread,43,151,18
2025-09-30,Chips,99,170,146
2025-09-30,Biscuits,27,36,100
2025-09-30,Salt,78,114,95
2025-09-30,Juice,73,31,137
2025-09-30,Coffee,50,179,20
2025-09-30,Toothpaste,34,195,124
2025-09-30,Toothpaste,71,62,138
2025-09-30,Detergent,69,30,30
2025-09-30,Juice,87,39,69
